id;nombre;tipo;comuna;barrio;longitud_m;anio;turno;cantidadFrecuencia
14588;RINCON;Ciclovías mano doble;3;San Cristobal;118.72;2024;mañana;0
7180;NUEVA YORK;Ciclovías mano doble;15;Agronomia;129.98;2024;mañana;5
15268;ESTADOS UNIDOS;Ciclovías mano doble;5;Boedo;71.00;2024;mañana;78
17386;ESTRADA;Ciclovías mano doble;7;Parque Chacabuco;132.34;2024;mañana;23
14804;CEVALLOS, VIRREY;Ciclovías mano doble;1;Constitucion;148.33;2024;mañana;172
14229;FRAY CAYETANO RODRIGUEZ;Ciclovías mano doble;7;Flores;126.83;2024;mañana;25
14153;GONZALEZ, ELPIDIO;Ciclovías mano doble;10;Monte Castro;113.14;2024;mañana;27
17058;BOLIVAR;Ciclovías mano doble;4;Barracas;18.81;2024;mañana;25
6841;FRENCH;Ciclovías mano doble;2;Recoleta;113.17;2024;mañana;70
7825;ARENALES;Ciclovías mano doble;2;Recoleta;117.05;2024;mañana;82
5268;GODOY CRUZ;Ciclovías mano doble;14;Palermo;139.77;2024;mañana;86
9556;TUCUMAN;Ciclovías mano doble;1;San Nicolas;36.99;2024;mañana;125
19214;RONDEAU;Ciclovías mano doble;4;Parque Patricios;168.77;2024;mañana;0
5105;ROSETI;Ciclovías mano doble;15;Chacarita;98.50;2024;mañana;67
31866;GODOY CRUZ;Ciclovías mano doble;14;Palermo;72.65;2024;mañana;86
10575;GARCIA, JUAN AGUSTIN;Ciclovías mano doble;11;Villa Gral. Mitre;124.24;2024;mañana;29
16708;MORON;Ciclovías mano doble;10;Floresta;117.52;2024;mañana;55
14513;CALVO, CARLOS;Ciclovías mano doble;3;San Cristobal;153.29;2024;mañana;122
20423;PRIMERA JUNTA;Ciclovías mano doble;7;Flores;72.93;2024;mañana;8
19293;PICHEUTA;Ciclovías mano doble;7;Parque Chacabuco;101.53;2024;mañana;13
11121;BOLIVAR;Ciclovías mano doble;1;Monserrat;10.77;2024;mañana;25
18587;LAS CASAS;Ciclovías mano doble;5;Boedo;139.75;2024;mañana;0
3865;CERETTI;Ciclovías mano doble;12;Villa Urquiza;99.83;2024;mañana;29
12809;VALLESE, FELIPE;Ciclovías mano doble;6;Caballito;114.52;2024;mañana;39
14079;DOBLAS;Ciclovías mano doble;6;Caballito;123.76;2024;mañana;59
15887;CONSTITUCION;Ciclovías mano doble;1;Constitucion;154.75;2024;mañana;0
14208;CHIVILCOY;Ciclovías mano doble;10;Floresta;67.69;2024;mañana;70
11858;GARCIA, JUAN AGUSTIN;Ciclovías mano doble;11;Villa Santa Rita;27.33;2024;mañana;29
17214;HUGO, VICTOR;Ciclovías mano doble;10;Villa Luro;125.54;2024;mañana;25
8149;ALVEAR, MARCELO T. DE;Ciclovías mano doble;1;Retiro;63.74;2024;mañana;73
13166;CEVALLOS, VIRREY;Ciclovías mano doble;1;Monserrat;97.07;2024;mañana;172
2227;PEDRAZA, MANUELA;Ciclovías mano doble;12;Villa Urquiza;102.25;2024;mañana;28
12472;DIAZ, CESAR, GRAL.;Ciclovías mano doble;11;Villa Gral. Mitre;134.76;2024;mañana;48
18338;HUGO, VICTOR;Ciclovías mano doble;10;Villa Luro;118.95;2024;mañana;25
11860;ALSINA, ADOLFO;Ciclovías mano única;1;Monserrat;37.35;2024;mañana;0
6668;GRIVEO;Ciclovías mano doble;11;Villa Devoto;89.32;2024;mañana;33
9383;PADILLA;Ciclovías mano doble;15;Villa Crespo;97.64;2024;mañana;130
14966;CALVO, CARLOS;Ciclovías mano doble;3;San Cristobal;113.78;2024;mañana;122
15272;BOLIVAR;Ciclovías mano doble;1;San Telmo;138.59;2024;mañana;25
5905;ROSETI;Ciclovías mano doble;15;Chacarita;105.39;2024;mañana;67
4704;LA PAMPA;Ciclovías mano doble;12;Villa Urquiza;33.61;2024;mañana;245
21292;RODO, JOSE E.;Ciclovías mano doble;9;Parque Avellaneda;92.18;2024;mañana;13
6738;GORRITI;Ciclovías mano doble;14;Palermo;113.53;2024;mañana;110
20669;RODO, JOSE E.;Ciclovías mano doble;9;Parque Avellaneda;265.21;2024;mañana;13
2916;ECHEVERRIA;Ciclovías mano doble;13;Belgrano;125.58;2024;mañana;78
5821;GRIVEO;Ciclovías mano doble;12;Villa Pueyrredon;73.01;2024;mañana;33
7129;GRIVEO;Ciclovías mano doble;11;Villa Devoto;51.85;2024;mañana;33
14689;CALVO, CARLOS;Ciclovías mano doble;3;San Cristobal;87.00;2024;mañana;122
19643;USPALLATA;Ciclovías mano doble;4;Parque Patricios;156.00;2024;mañana;0
16861;LINIERS VIRREY;Ciclovías mano doble;5;Boedo;117.01;2024;mañana;0
17994;USPALLATA;Ciclovías mano doble;4;Barracas;134.63;2024;mañana;0
7167;SUIPACHA;Ciclovías mano doble;1;Retiro;165.90;2024;mañana;214
23251;RODO, JOSE E.;Ciclovías mano doble;9;Mataderos;59.53;2024;mañana;13
16624;TACUARI;Ciclovías mano doble;1;Constitucion;125.23;2024;mañana;215
14030;MENDEZ DE ANDES;Ciclovías mano doble;6;Caballito;106.78;2024;mañana;108
13347;GARCIA, JUAN AGUSTIN;Ciclovías mano doble;11;Villa Santa Rita;98.20;2024;mañana;29
16780;MORON;Ciclovías mano doble;10;Floresta;83.19;2024;mañana;55
5663;ALVAREZ, JULIAN;Ciclovías mano doble;14;Palermo;126.54;2024;mañana;86
7249;MONTEVIDEO;Ciclovías mano doble;2;Recoleta;135.48;2024;mañana;165
2040;TRONADOR;Ciclovías mano doble;12;Coghlan;57.93;2024;mañana;5
28003;RODO, JOSE E.;Ciclovías mano doble;9;Parque Avellaneda;25.19;2024;mañana;13
4763;GUATEMALA;Ciclovías mano doble;14;Palermo;129.61;2024;mañana;86
20999;HORNOS, GRAL.;Ciclovías mano doble;4;Barracas;67.36;2024;mañana;48
9349;OROÑO, NICASIO;Ciclovías mano doble;15;Paternal;118.42;2024;mañana;9
8362;ALVEAR, MARCELO T. DE;Ciclovías mano doble;2;Recoleta;143.15;2024;mañana;73
14453;CEVALLOS, VIRREY;Ciclovías mano doble;1;Constitucion;131.09;2024;mañana;172
11654;CEVALLOS, VIRREY;Ciclovías mano doble;1;Monserrat;111.58;2024;mañana;172
23113;POLA;Ciclovías mano doble;9;Mataderos;137.27;2024;mañana;39
14778;GONZALEZ, ELPIDIO;Ciclovías mano doble;10;Monte Castro;110.72;2024;mañana;27
21557;PEDERNERA;Ciclovías mano doble;7;Flores;120.95;2024;mañana;8
18971;USPALLATA;Ciclovías mano doble;4;Barracas;109.55;2024;mañana;0
3525;LA PAMPA;Ciclovías mano doble;13;Belgrano;27.57;2024;mañana;245
14829;CALVO, CARLOS;Ciclovías mano doble;3;San Cristobal;159.23;2024;mañana;122
2132;ECHEVERRIA;Ciclovías mano doble;13;Belgrano;102.33;2024;mañana;78
9014;TUCUMAN;Ciclovías mano doble;5;Almagro;117.30;2024;mañana;125
12112;TRES ARROYOS;Ciclovías mano doble;11;Villa Gral. Mitre;72.68;2024;mañana;145
16907;BONIFACIO, JOSE;Ciclovías mano doble;6;Caballito;76.06;2024;mañana;37
827;CUBA;Ciclovías mano doble;13;Nuñez;100.95;2024;mañana;9
13439;CHILE;Ciclovías mano doble;1;Monserrat;40.07;2024;mañana;88
2290;AMENABAR;Ciclovías mano doble;13;Belgrano;129.00;2024;mañana;76
16130;DOBLAS;Ciclovías mano doble;6;Caballito;81.08;2024;mañana;59
3505;LA PAMPA;Ciclovías mano doble;13;Belgrano;125.42;2024;mañana;245
18099;15 DE NOVIEMBRE DE 1889;Ciclovías mano doble;4;Parque Patricios;118.63;2024;mañana;28
6259;HUMBOLDT;Ciclovías mano doble;14;Palermo;153.91;2024;mañana;226
14732;CALVO, CARLOS;Ciclovías mano doble;3;San Cristobal;95.45;2024;mañana;122
18254;ESTRADA;Ciclovías mano doble;7;Parque Chacabuco;54.49;2024;mañana;23
16534;MORON;Ciclovías mano doble;10;Floresta;120.39;2024;mañana;55
9605;TUCUMAN;Ciclovías mano doble;3;Balvanera;118.81;2024;mañana;125
17767;TREINTA Y TRES ORIENTALES;Ciclovías mano doble;5;Boedo;122.47;2024;mañana;52
15216;CALVO, CARLOS;Ciclovías mano doble;3;San Cristobal;136.89;2024;mañana;122
14326;MEXICO;Ciclovías mano doble;5;Almagro;122.63;2024;mañana;130
21738;PRIMERA JUNTA;Ciclovías mano doble;9;Parque Avellaneda;123.77;2024;mañana;8
6705;FRENCH;Ciclovías mano doble;2;Recoleta;128.39;2024;mañana;70
13776;DOBLAS;Ciclovías mano doble;6;Caballito;140.99;2024;mañana;59
12572;CHIVILCOY;Ciclovías mano doble;10;Monte Castro;118.90;2024;mañana;70
19972;PEDERNERA;Ciclovías mano doble;7;Flores;73.11;2024;mañana;8
5384;GORRITI;Ciclovías mano doble;14;Palermo;129.55;2024;mañana;110
8324;URIBURU JOSE E., PRES.;Ciclovías mano doble;2;Recoleta;186.84;2024;mañana;106
14640;CALVO, CARLOS;Ciclovías mano doble;3;San Cristobal;127.36;2024;mañana;122
1237;QUESADA;Ciclovías mano doble;13;Nuñez;66.33;2024;mañana;29
13091;RINCON;Ciclovías mano doble;3;Balvanera;124.19;2024;mañana;0
12448;TACUARI;Ciclovías mano doble;1;Monserrat;134.04;2024;mañana;215
4768;LA PAMPA;Ciclovías mano doble;12;Villa Urquiza;72.33;2024;mañana;245
5814;ROSETI;Ciclovías mano doble;15;Chacarita;109.71;2024;mañana;67
17533;ESTRADA;Ciclovías mano doble;7;Parque Chacabuco;64.60;2024;mañana;23
2726;AMENABAR;Ciclovías mano doble;13;Belgrano;110.27;2024;mañana;76
2321;11 DE SEPTIEMBRE DE 1888;Ciclovías mano doble;13;Belgrano;126.59;2024;mañana;20
17089;BRASIL;Ciclovías mano doble;4;Parque Patricios;75.75;2024;mañana;41
30232;BLANCO ENCALADA;Ciclovías mano doble;13;Belgrano;42.22;2024;mañana;76
5639;GRIVEO;Ciclovías mano doble;12;Villa Pueyrredon;128.75;2024;mañana;33
416;SUPERI;Ciclovías mano doble;12;Saavedra;100.38;2024;mañana;245
8295;ALVEAR, MARCELO T. DE;Ciclovías mano doble;1;Retiro;139.05;2024;mañana;73
10333;SARMIENTO;Ciclovías mano doble;1;San Nicolas;126.72;2024;mañana;85
2530;ECHEVERRIA;Ciclovías mano doble;13;Belgrano;100.61;2024;mañana;78
1972;ECHEVERRIA;Ciclovías mano doble;13;Belgrano;103.15;2024;mañana;78
7515;ECUADOR;Ciclovías mano doble;2;Recoleta;93.22;2024;mañana;86
12797;LINIERS VIRREY;Ciclovías mano doble;5;Almagro;139.08;2024;mañana;0
12779;GARCIA, JUAN AGUSTIN;Ciclovías mano doble;11;Villa Santa Rita;67.52;2024;mañana;29
13574;CHILE;Ciclovías mano doble;3;Balvanera;139.36;2024;mañana;88
7810;ARENALES;Ciclovías mano doble;1;Retiro;84.71;2024;mañana;82
14384;CALVO, CARLOS;Ciclovías mano doble;1;Constitucion;125.53;2024;mañana;122
3202;MILLER;Ciclovías mano doble;12;Villa Urquiza;25.37;2024;mañana;47
17436;HUGO, VICTOR;Ciclovías mano doble;10;Villa Luro;124.96;2024;mañana;25
5072;ROSETI;Ciclovías mano doble;15;Villa Ortuzar;130.74;2024;mañana;67
11182;SUIPACHA;Ciclovías mano doble;1;San Nicolas;126.69;2024;mañana;214
11907;TRES ARROYOS;Ciclovías mano doble;11;Villa Gral. Mitre;170.10;2024;mañana;145
15090;FRAY CAYETANO RODRIGUEZ;Ciclovías mano doble;7;Flores;50.93;2024;mañana;25
13589;MEXICO;Ciclovías mano doble;3;Balvanera;137.28;2024;mañana;130
9648;URIBURU JOSE E., PRES.;Ciclovías mano doble;3;Balvanera;125.88;2024;mañana;106
17672;BILBAO, FRANCISCO;Ciclovías mano doble;7;Parque Chacabuco;97.97;2024;mañana;3
20687;BALBASTRO;Ciclovías mano doble;7;Flores;116.85;2024;mañana;9
724;CUBA;Ciclovías mano doble;13;Nuñez;100.56;2024;mañana;9
11088;ECUADOR;Ciclovías mano doble;3;Balvanera;141.37;2024;mañana;86
10157;TRES ARROYOS;Ciclovías mano doble;15;Villa Crespo;113.09;2024;mañana;145
15996;TACUARI;Ciclovías mano doble;1;Constitucion;232.63;2024;mañana;215
7711;ARENALES;Ciclovías mano doble;1;Retiro;137.33;2024;mañana;82
2142;TRONADOR;Ciclovías mano doble;12;Coghlan;132.34;2024;mañana;5
28079;SAN MARTIN;Ciclovías mano doble;1;Retiro;80.22;2024;mañana;89
17575;BILBAO, FRANCISCO;Ciclovías mano doble;7;Parque Chacabuco;104.06;2024;mañana;3
10937;BULNES;Ciclovías mano doble;5;Almagro;56.46;2024;mañana;0
10171;MONTEVIDEO;Ciclovías mano doble;1;San Nicolas;134.08;2024;mañana;165
9358;HUMAHUACA;Ciclovías mano doble;5;Almagro;144.55;2024;mañana;202
17119;TREINTA Y TRES ORIENTALES;Ciclovías mano doble;5;Boedo;92.56;2024;mañana;52
13277;TREINTA Y TRES ORIENTALES;Ciclovías mano doble;5;Almagro;118.31;2024;mañana;52
17984;ESTRADA;Ciclovías mano doble;7;Parque Chacabuco;27.28;2024;mañana;23
23723;POLA;Ciclovías mano doble;9;Mataderos;27.10;2024;mañana;39
9432;HUMAHUACA;Ciclovías mano doble;5;Almagro;135.10;2024;mañana;202
15908;VALLE;Ciclovías mano doble;6;Caballito;117.01;2024;mañana;78
6707;NUEVA YORK;Ciclovías mano doble;15;Agronomia;65.21;2024;mañana;5
12553;DON BOSCO;Ciclovías mano doble;5;Almagro;126.59;2024;mañana;49
15353;ESTADOS UNIDOS;Ciclovías mano doble;5;Boedo;133.58;2024;mañana;78
17779;LINIERS VIRREY;Ciclovías mano doble;5;Boedo;77.79;2024;mañana;0
7359;NUEVA YORK;Ciclovías mano doble;15;Agronomia;147.06;2024;mañana;5
6746;GRIVEO;Ciclovías mano doble;11;Villa Devoto;64.63;2024;mañana;33
3438;BLANCO ENCALADA;Ciclovías mano doble;12;Villa Urquiza;104.60;2024;mañana;76
1810;MILLER;Ciclovías mano doble;12;Saavedra;97.53;2024;mañana;47
17495;ESTRADA;Ciclovías mano doble;7;Parque Chacabuco;133.97;2024;mañana;23
9933;HUMAHUACA;Ciclovías mano doble;5;Almagro;128.11;2024;mañana;202
11810;FRAGATA PRES. SARMIENTO;Ciclovías mano doble;6;Caballito;125.94;2024;mañana;40
15501;SASTRE, MARCOS;Ciclovías mano doble;10;Monte Castro;52.54;2024;mañana;45
4905;LA PAMPA;Ciclovías mano doble;12;Villa Urquiza;114.05;2024;mañana;245
23273;PATRON;Ciclovías mano doble;9;Liniers;107.26;2024;mañana;48
8696;SAN MARTIN;Ciclovías mano doble;1;Retiro;78.02;2024;mañana;89
12584;AZOPARDO;Ciclovías mano doble;1;Monserrat;137.59;2024;mañana;0
2460;ECHEVERRIA;Ciclovías mano doble;13;Belgrano;100.28;2024;mañana;78
7607;ALVAREZ, JULIAN;Ciclovías mano doble;14;Palermo;109.26;2024;mañana;86
14900;GRANADEROS;Ciclovías mano doble;7;Flores;101.01;2024;mañana;108
30117;CERETTI;Ciclovías mano doble;12;Villa Urquiza;40.02;2024;mañana;29
2950;AMENABAR;Ciclovías mano doble;13;Colegiales;168.54;2024;mañana;76
12496;DON BOSCO;Ciclovías mano doble;5;Almagro;142.09;2024;mañana;49
15649;FALCON, RAMON L.,CNEL.;Ciclovías mano doble;6;Caballito;50.12;2024;mañana;9
15315;FRAGATA PRES. SARMIENTO;Ciclovías mano doble;6;Caballito;139.83;2024;mañana;40
13206;FRAGATA PRES. SARMIENTO;Ciclovías mano doble;6;Caballito;120.00;2024;mañana;40
9474;TUCUMAN;Ciclovías mano doble;3;Balvanera;94.23;2024;mañana;125
18035;ESTRADA;Ciclovías mano doble;7;Parque Chacabuco;30.88;2024;mañana;23
15561;GRANADEROS;Ciclovías mano doble;7;Flores;131.28;2024;mañana;108
17091;PAVON;Ciclovías mano doble;5;Boedo;51.78;2024;mañana;32
8122;ALVEAR, MARCELO T. DE;Ciclovías mano doble;1;Retiro;62.10;2024;mañana;73
5146;LA PAMPA;Ciclovías mano doble;12;Villa Urquiza;110.66;2024;mañana;245
4579;MARTINEZ, ENRIQUE, GRAL.;Ciclovías mano doble;13;Colegiales;92.99;2024;mañana;15
20297;PRIMERA JUNTA;Ciclovías mano doble;7;Flores;73.30;2024;mañana;8
18756;LAS CASAS;Ciclovías mano doble;5;Boedo;94.68;2024;mañana;0
15081;MORON;Ciclovías mano doble;7;Flores;106.35;2024;mañana;55
16939;BRASIL;Ciclovías mano doble;1;Constitucion;112.28;2024;mañana;41
1034;AMENABAR;Ciclovías mano doble;13;Nuñez;105.30;2024;mañana;76
17635;HUGO, VICTOR;Ciclovías mano doble;10;Villa Luro;116.99;2024;mañana;25
11955;MISIONES;Ciclovías mano doble;3;Balvanera;126.35;2024;mañana;0
32393;AZOPARDO;Ciclovías mano doble;1;Monserrat;242.14;2024;mañana;0
18612;RONDEAU;Ciclovías mano doble;4;Parque Patricios;133.77;2024;mañana;0
14557;GONZALEZ, ELPIDIO;Ciclovías mano doble;10;Monte Castro;127.15;2024;mañana;27
2103;11 DE SEPTIEMBRE DE 1888;Ciclovías mano doble;13;Belgrano;128.60;2024;mañana;20
8522;SAN MARTIN;Ciclovías mano doble;1;Retiro;54.94;2024;mañana;89
3078;PEDRAZA, MANUELA;Ciclovías mano doble;12;Villa Urquiza;52.99;2024;mañana;28
15651;VALLE;Ciclovías mano doble;6;Caballito;125.99;2024;mañana;78
1726;MILLER;Ciclovías mano doble;12;Saavedra;97.66;2024;mañana;47
9652;TUCUMAN;Ciclovías mano doble;3;Balvanera;129.33;2024;mañana;125
7608;GORRITI;Ciclovías mano doble;14;Palermo;113.41;2024;mañana;110
18211;USPALLATA;Ciclovías mano doble;4;Barracas;153.12;2024;mañana;0
5715;ROSETI;Ciclovías mano doble;15;Chacarita;129.33;2024;mañana;67
31865;SOLER;Ciclovías mano doble;14;Palermo;55.85;2024;mañana;29
1922;ECHEVERRIA;Ciclovías mano doble;13;Belgrano;7.33;2024;mañana;78
20038;BALBASTRO;Ciclovías mano doble;7;Parque Chacabuco;103.60;2024;mañana;9
17368;BOLIVAR;Ciclovías mano doble;4;Barracas;124.21;2024;mañana;25
10728;TRES ARROYOS;Ciclovías mano doble;6;Caballito;109.26;2024;mañana;145
9549;TUCUMAN;Ciclovías mano doble;1;San Nicolas;125.90;2024;mañana;125
13525;CHILE;Ciclovías mano doble;1;Monserrat;143.38;2024;mañana;88
4063;BLANCO ENCALADA;Ciclovías mano doble;12;Villa Urquiza;112.42;2024;mañana;76
13566;TREINTA Y TRES ORIENTALES;Ciclovías mano doble;5;Almagro;114.69;2024;mañana;52
18094;ITUZAINGO;Ciclovías mano doble;4;Barracas;78.84;2024;mañana;0
11793;LAMAS, ANDRES;Ciclovías mano doble;11;Villa Gral. Mitre;94.88;2024;mañana;53
12847;DIAZ, CESAR, GRAL.;Ciclovías mano doble;11;Villa Santa Rita;135.95;2024;mañana;48
11364;IRIGOYEN, BERNARDO DE;Ciclovías mano doble;1;Monserrat;69.56;2024;mañana;84
6546;FRENCH;Ciclovías mano doble;2;Recoleta;114.14;2024;mañana;70
7334;ECUADOR;Ciclovías mano doble;2;Recoleta;128.31;2024;mañana;86
12305;GARCIA, JUAN AGUSTIN;Ciclovías mano doble;11;Villa Santa Rita;136.76;2024;mañana;29
15221;ESTADOS UNIDOS;Ciclovías mano doble;5;Boedo;69.83;2024;mañana;78
26671;UNANUE;Ciclovías mano única;8;Villa Lugano;137.44;2024;mañana;1
10922;ACUÑA DE FIGUEROA, FRANCISCO;Ciclovías mano doble;5;Almagro;140.98;2024;mañana;74
21968;RODO, JOSE E.;Ciclovías mano doble;9;Parque Avellaneda;58.64;2024;mañana;13
11899;ALSINA, ADOLFO;Ciclovías mano única;1;Monserrat;138.19;2024;mañana;0
18560;TREINTA Y TRES ORIENTALES;Ciclovías mano doble;5;Boedo;142.85;2024;mañana;52
5393;CERETTI;Ciclovías mano doble;12;Villa Urquiza;78.59;2024;mañana;29
3260;MOLDES;Ciclovías mano doble;13;Colegiales;44.30;2024;mañana;43
21593;RODO, JOSE E.;Ciclovías mano doble;9;Parque Avellaneda;40.66;2024;mañana;13
7438;GRIVEO;Ciclovías mano doble;11;Villa Devoto;147.49;2024;mañana;33
13594;CHILE;Ciclovías mano doble;3;Balvanera;124.90;2024;mañana;88
23680;POLA;Ciclovías mano doble;9;Mataderos;97.90;2024;mañana;39
9624;SAN MARTIN;Ciclovías mano doble;1;San Nicolas;129.98;2024;mañana;89
14852;AZOPARDO;Ciclovías mano doble;1;San Telmo;110.57;2024;mañana;0
4354;LA PAMPA;Ciclovías mano doble;12;Villa Urquiza;173.14;2024;mañana;245
23416;PATRON;Ciclovías mano doble;9;Liniers;103.56;2024;mañana;48
12002;ALSINA, ADOLFO;Ciclovías mano única;1;Monserrat;134.50;2024;mañana;0
2225;ECHEVERRIA;Ciclovías mano doble;13;Belgrano;45.57;2024;mañana;78
13039;DIAZ, CESAR, GRAL.;Ciclovías mano doble;11;Villa Santa Rita;65.58;2024;mañana;48
21168;POLA;Ciclovías mano doble;9;Liniers;147.72;2024;mañana;39
4143;LA PAMPA;Ciclovías mano doble;12;Villa Urquiza;25.83;2024;mañana;245
13278;MENDEZ DE ANDES;Ciclovías mano doble;6;Caballito;16.95;2024;mañana;108
7881;ALVAREZ, JULIAN;Ciclovías mano doble;14;Palermo;134.86;2024;mañana;86
14873;DIAZ, CESAR, GRAL.;Ciclovías mano doble;10;Floresta;114.87;2024;mañana;48
27657;MILLER;Ciclovías mano doble;12;Saavedra;15.43;2024;mañana;47
16347;MORON;Ciclovías mano doble;10;Floresta;136.80;2024;mañana;55
3658;LA PAMPA;Ciclovías mano doble;12;Villa Urquiza;94.31;2024;mañana;245
6038;HUMBOLDT;Ciclovías mano doble;14;Palermo;121.43;2024;mañana;226
12669;FRAGATA PRES. SARMIENTO;Ciclovías mano doble;6;Caballito;127.30;2024;mañana;40
17959;ESTRADA;Ciclovías mano doble;7;Parque Chacabuco;27.20;2024;mañana;23
11506;TRES ARROYOS;Ciclovías mano doble;6;Caballito;96.17;2024;mañana;145
4740;MARTINEZ, ENRIQUE, GRAL.;Ciclovías mano doble;13;Colegiales;105.06;2024;mañana;15
11053;LAMAS, ANDRES;Ciclovías mano doble;11;Villa Gral. Mitre;133.50;2024;mañana;53
11399;BOLIVAR;Ciclovías mano doble;1;Monserrat;6.96;2024;mañana;25
6172;GRIVEO;Ciclovías mano doble;12;Villa Pueyrredon;75.69;2024;mañana;33
11673;TRES ARROYOS;Ciclovías mano doble;11;Villa Gral. Mitre;131.74;2024;mañana;145
29974;SOLER;Ciclovías mano doble;14;Palermo;107.48;2024;mañana;29
6554;GRIVEO;Ciclovías mano doble;11;Villa Devoto;153.17;2024;mañana;33
10803;LAMAS, ANDRES;Ciclovías mano doble;11;Villa Gral. Mitre;132.97;2024;mañana;53
2443;PEDRAZA, MANUELA;Ciclovías mano doble;12;Villa Urquiza;100.08;2024;mañana;28
2508;MILLER;Ciclovías mano doble;12;Villa Urquiza;144.14;2024;mañana;47
10238;SARMIENTO;Ciclovías mano doble;1;San Nicolas;128.74;2024;mañana;85
7713;SUIPACHA;Ciclovías mano doble;1;Retiro;138.89;2024;mañana;214
11521;URIBURU JOSE E., PRES.;Ciclovías mano doble;3;Balvanera;135.18;2024;mañana;106
14587;CALVO, CARLOS;Ciclovías mano doble;3;San Cristobal;120.44;2024;mañana;122
5345;LA PAMPA;Ciclovías mano doble;12;Villa Urquiza;96.90;2024;mañana;245
12682;TREINTA Y TRES ORIENTALES;Ciclovías mano doble;5;Almagro;72.96;2024;mañana;52
17734;BILBAO, FRANCISCO;Ciclovías mano doble;7;Parque Chacabuco;58.19;2024;mañana;3
12666;DIAZ, CESAR, GRAL.;Ciclovías mano doble;11;Villa Santa Rita;142.78;2024;mañana;48
10071;BILLINGHURST;Ciclovías mano doble;5;Almagro;129.05;2024;mañana;0
9348;TUCUMAN;Ciclovías mano doble;3;Balvanera;133.45;2024;mañana;125
22133;POLA;Ciclovías mano doble;9;Liniers;71.66;2024;mañana;39
8257;ALVEAR, MARCELO T. DE;Ciclovías mano doble;1;Retiro;140.49;2024;mañana;73
2097;SUPERI;Ciclovías mano doble;12;Coghlan;104.34;2024;mañana;245
16891;DEAN FUNES;Ciclovías mano doble;3;San Cristobal;101.11;2024;mañana;57
7505;SUIPACHA;Ciclovías mano doble;1;Retiro;156.27;2024;mañana;214
3143;SUPERI;Ciclovías mano doble;13;Belgrano;129.19;2024;mañana;245
17034;BRASIL;Ciclovías mano doble;1;Constitucion;82.17;2024;mañana;41
363;SUPERI;Ciclovías mano doble;12;Saavedra;100.68;2024;mañana;245
15538;RINCON;Ciclovías mano doble;3;San Cristobal;119.95;2024;mañana;0
11529;LAMAS, ANDRES;Ciclovías mano doble;11;Villa Gral. Mitre;109.45;2024;mañana;53
13873;CEVALLOS, VIRREY;Ciclovías mano doble;1;Monserrat;140.36;2024;mañana;172
7834;BILLINGHURST;Ciclovías mano doble;2;Recoleta;135.91;2024;mañana;0
17677;DEAN FUNES;Ciclovías mano doble;4;Parque Patricios;108.13;2024;mañana;57
17921;15 DE NOVIEMBRE DE 1889;Ciclovías mano doble;4;Parque Patricios;310.48;2024;mañana;28
6750;AZCUENAGA;Ciclovías mano doble;2;Recoleta;125.14;2024;mañana;116
13958;MEXICO;Ciclovías mano doble;3;Balvanera;143.63;2024;mañana;130
16988;PAVON;Ciclovías mano doble;3;San Cristobal;88.20;2024;mañana;32
370;CUBA;Ciclovías mano doble;13;Nuñez;83.55;2024;mañana;9
14251;AZOPARDO;Ciclovías mano doble;1;San Telmo;124.00;2024;mañana;0
18157;BONIFACIO, JOSE;Ciclovías mano doble;7;Flores;129.04;2024;mañana;37
15855;RUIZ DE LOS LLANOS;Ciclovías mano doble;10;Versalles;6.76;2024;mañana;12
17462;TREINTA Y TRES ORIENTALES;Ciclovías mano doble;5;Boedo;138.52;2024;mañana;52
14876;RINCON;Ciclovías mano doble;3;San Cristobal;125.01;2024;mañana;0
5588;ROSETI;Ciclovías mano doble;15;Chacarita;103.76;2024;mañana;67
3707;BLANCO ENCALADA;Ciclovías mano doble;12;Villa Urquiza;123.11;2024;mañana;76
6290;NUEVA YORK;Ciclovías mano doble;15;Agronomia;63.93;2024;mañana;5
24261;POLA;Ciclovías mano doble;9;Mataderos;114.62;2024;mañana;39
19052;BONIFACIO, JOSE;Ciclovías mano doble;10;Floresta;104.91;2024;mañana;37
5107;ROSETI;Ciclovías mano doble;15;Chacarita;96.72;2024;mañana;67
17871;ESTRADA;Ciclovías mano doble;7;Parque Chacabuco;50.96;2024;mañana;23
16684;PAVON;Ciclovías mano doble;3;San Cristobal;12.63;2024;mañana;32
9765;HUMAHUACA;Ciclovías mano doble;5;Almagro;100.23;2024;mañana;202
6891;ALVAREZ, JULIAN;Ciclovías mano doble;14;Palermo;135.29;2024;mañana;86
3625;BLANCO ENCALADA;Ciclovías mano doble;12;Villa Urquiza;96.57;2024;mañana;76
11103;SAN MARTIN;Ciclovías mano doble;1;San Nicolas;129.81;2024;mañana;89
17395;LINIERS VIRREY;Ciclovías mano doble;5;Boedo;127.58;2024;mañana;0
15965;TREINTA Y TRES ORIENTALES;Ciclovías mano doble;5;Boedo;81.86;2024;mañana;52
29868;ARENALES;Ciclovías mano doble;1;Retiro;32.71;2024;mañana;82
11348;FRAGATA PRES. SARMIENTO;Ciclovías mano doble;6;Caballito;172.38;2024;mañana;40
16019;DEAN FUNES;Ciclovías mano doble;3;San Cristobal;171.63;2024;mañana;57
3860;BLANCO ENCALADA;Ciclovías mano doble;12;Villa Urquiza;63.83;2024;mañana;76
19612;BONIFACIO, JOSE;Ciclovías mano doble;9;Parque Avellaneda;158.32;2024;mañana;37
3228;MOLDES;Ciclovías mano doble;13;Colegiales;54.90;2024;mañana;43
27069;UNANUE;Ciclovías mano única;8;Villa Lugano;102.83;2024;mañana;1
19950;HORNOS, GRAL.;Ciclovías mano doble;4;Barracas;173.46;2024;mañana;48
12113;LAMAS, ANDRES;Ciclovías mano doble;11;Villa Gral. Mitre;140.67;2024;mañana;53
15066;TREINTA Y TRES ORIENTALES;Ciclovías mano doble;5;Boedo;100.41;2024;mañana;52
14671;CALVO, CARLOS;Ciclovías mano doble;3;San Cristobal;122.62;2024;mañana;122
13136;GARCIA, JUAN AGUSTIN;Ciclovías mano doble;11;Villa Santa Rita;134.39;2024;mañana;29
12156;IRIGOYEN, BERNARDO DE;Ciclovías mano doble;1;Monserrat;122.35;2024;mañana;84
13724;CHIVILCOY;Ciclovías mano doble;10;Monte Castro;136.82;2024;mañana;70
19934;PRIMERA JUNTA;Ciclovías mano doble;7;Flores;105.16;2024;mañana;8
30065;CEVALLOS, VIRREY;Ciclovías mano doble;1;Constitucion;110.44;2024;mañana;172
8265;BILLINGHURST;Ciclovías mano doble;2;Recoleta;134.45;2024;mañana;0
8065;CHARCAS;Ciclovías mano doble;2;Recoleta;140.48;2024;mañana;69
503;PEDRAZA, MANUELA;Ciclovías mano doble;13;Nuñez;157.81;2024;mañana;28
18876;TREINTA Y TRES ORIENTALES;Ciclovías mano doble;5;Boedo;140.43;2024;mañana;52
12255;DON BOSCO;Ciclovías mano doble;5;Almagro;137.86;2024;mañana;49
17277;USPALLATA;Ciclovías mano doble;4;Barracas;116.28;2024;mañana;0
13600;DIAZ, CESAR, GRAL.;Ciclovías mano doble;11;Villa Santa Rita;137.10;2024;mañana;48
16042;VALLE;Ciclovías mano doble;6;Caballito;73.09;2024;mañana;78
15881;AZOPARDO;Ciclovías mano doble;1;San Telmo;130.03;2024;mañana;0
15858;VALLE;Ciclovías mano doble;6;Caballito;83.46;2024;mañana;78
19494;HORNOS, GRAL.;Ciclovías mano doble;4;Barracas;202.91;2024;mañana;48
5989;GODOY CRUZ;Ciclovías mano doble;14;Palermo;105.38;2024;mañana;86
7662;NUEVA YORK;Ciclovías mano doble;15;Agronomia;151.84;2024;mañana;5
1190;11 DE SEPTIEMBRE DE 1888;Ciclovías mano doble;13;Belgrano;119.30;2024;mañana;20
4894;DORREGO;Ciclovías mano doble;13;Colegiales;31.33;2024;mañana;28
7807;ARENALES;Ciclovías mano doble;1;Retiro;129.85;2024;mañana;82
14660;CHIVILCOY;Ciclovías mano doble;10;Floresta;137.91;2024;mañana;70
16007;CHIVILCOY;Ciclovías mano doble;10;Floresta;80.51;2024;mañana;70
20926;PEDERNERA;Ciclovías mano doble;7;Flores;187.82;2024;mañana;8
19989;RODO, JOSE E.;Ciclovías mano doble;9;Parque Avellaneda;148.97;2024;mañana;13
13749;MATHEU;Ciclovías mano doble;3;Balvanera;122.61;2024;mañana;40
26885;UNANUE;Ciclovías mano única;8;Villa Lugano;77.35;2024;mañana;1
23343;POLA;Ciclovías mano doble;9;Mataderos;156.04;2024;mañana;39
13933;MENDEZ DE ANDES;Ciclovías mano doble;6;Caballito;100.32;2024;mañana;108
5101;ROSETI;Ciclovías mano doble;15;Villa Ortuzar;126.56;2024;mañana;67
3578;LA PAMPA;Ciclovías mano doble;13;Belgrano;80.15;2024;mañana;245
15320;LINIERS VIRREY;Ciclovías mano doble;5;Boedo;138.56;2024;mañana;0
5616;CERETTI;Ciclovías mano doble;12;Villa Urquiza;134.99;2024;mañana;29
21309;PATRON;Ciclovías mano doble;9;Liniers;104.30;2024;mañana;48
8757;PADILLA;Ciclovías mano doble;15;Villa Crespo;129.85;2024;mañana;130
30016;PEDRAZA, MANUELA;Ciclovías mano doble;13;Nuñez;25.17;2024;mañana;28
8866;ACUÑA DE FIGUEROA, FRANCISCO;Ciclovías mano doble;5;Almagro;129.10;2024;mañana;74
2991;PEDRAZA, MANUELA;Ciclovías mano doble;12;Villa Urquiza;61.15;2024;mañana;28
26561;UNANUE;Ciclovías mano única;8;Villa Lugano;103.12;2024;mañana;1
12639;CEVALLOS, VIRREY;Ciclovías mano doble;1;Monserrat;129.89;2024;mañana;172
11225;BILLINGHURST;Ciclovías mano doble;5;Almagro;175.64;2024;mañana;0
19390;RONDEAU;Ciclovías mano doble;5;Boedo;106.26;2024;mañana;0
18092;ESTRADA;Ciclovías mano doble;7;Parque Chacabuco;31.10;2024;mañana;23
10919;URIBURU JOSE E., PRES.;Ciclovías mano doble;3;Balvanera;136.11;2024;mañana;106
6244;ALVAREZ, JULIAN;Ciclovías mano doble;14;Palermo;56.21;2024;mañana;86
3714;LA PAMPA;Ciclovías mano doble;12;Villa Urquiza;88.24;2024;mañana;245
18840;ALBERTI;Ciclovías mano doble;4;Parque Patricios;132.79;2024;mañana;28
11696;ALSINA, ADOLFO;Ciclovías mano única;1;Monserrat;128.45;2024;mañana;0
468;CUBA;Ciclovías mano doble;13;Nuñez;92.27;2024;mañana;9
17486;BILBAO, FRANCISCO;Ciclovías mano doble;7;Parque Chacabuco;104.36;2024;mañana;3
3589;LA PAMPA;Ciclovías mano doble;12;Villa Urquiza;22.99;2024;mañana;245
8263;ALVEAR, MARCELO T. DE;Ciclovías mano doble;2;Recoleta;129.20;2024;mañana;73
17234;CEVALLOS, VIRREY;Ciclovías mano doble;1;Constitucion;142.59;2024;mañana;172
13250;ESPINOSA;Ciclovías mano doble;6;Caballito;123.15;2024;mañana;145
6389;NUEVA YORK;Ciclovías mano doble;15;Agronomia;65.75;2024;mañana;5
15319;CALVO, CARLOS;Ciclovías mano doble;5;Boedo;132.39;2024;mañana;122
9034;ALVAREZ, JULIAN;Ciclovías mano doble;15;Villa Crespo;124.69;2024;mañana;86
13855;CHIVILCOY;Ciclovías mano doble;10;Monte Castro;69.70;2024;mañana;70
16088;PAVON;Ciclovías mano doble;1;Constitucion;58.32;2024;mañana;32
11457;DIAZ, CESAR, GRAL.;Ciclovías mano doble;11;Villa Gral. Mitre;140.17;2024;mañana;48
7945;ACUÑA DE FIGUEROA, FRANCISCO;Ciclovías mano doble;14;Palermo;135.18;2024;mañana;74
5267;CERETTI;Ciclovías mano doble;12;Villa Urquiza;78.41;2024;mañana;29
13267;GONZALEZ, ELPIDIO;Ciclovías mano doble;11;Villa Santa Rita;96.08;2024;mañana;27
15116;GONZALEZ, ELPIDIO;Ciclovías mano doble;10;Monte Castro;121.66;2024;mañana;27
1517;11 DE SEPTIEMBRE DE 1888;Ciclovías mano doble;13;Belgrano;66.96;2024;mañana;20
6804;HUMBOLDT;Ciclovías mano doble;15;Chacarita;127.47;2024;mañana;226
4996;MARTINEZ, ENRIQUE, GRAL.;Ciclovías mano doble;13;Colegiales;95.63;2024;mañana;15
23542;RODO, JOSE E.;Ciclovías mano doble;9;Mataderos;103.10;2024;mañana;13
4738;SANCHEZ DE BUSTAMANTE;Ciclovías mano doble;2;Recoleta;15.23;2024;mañana;172
6264;GRIVEO;Ciclovías mano doble;12;Villa Pueyrredon;81.89;2024;mañana;33
9823;TRES ARROYOS;Ciclovías mano doble;15;Villa Crespo;96.73;2024;mañana;145
1508;MILLER;Ciclovías mano doble;12;Saavedra;50.39;2024;mañana;47
2673;ECHEVERRIA;Ciclovías mano doble;13;Belgrano;115.56;2024;mañana;78
16870;BONIFACIO, JOSE;Ciclovías mano doble;6;Caballito;132.91;2024;mañana;37
7736;ALVAREZ, JULIAN;Ciclovías mano doble;14;Palermo;125.54;2024;mañana;86
13731;MENDEZ DE ANDES;Ciclovías mano doble;6;Caballito;124.37;2024;mañana;108
30017;PEDRAZA, MANUELA;Ciclovías mano doble;13;Nuñez;32.00;2024;mañana;28
19140;BONIFACIO, JOSE;Ciclovías mano doble;10;Floresta;102.33;2024;mañana;37
10302;ACUÑA DE FIGUEROA, FRANCISCO;Ciclovías mano doble;5;Almagro;186.75;2024;mañana;74
14685;MENDEZ DE ANDES;Ciclovías mano doble;7;Flores;127.50;2024;mañana;108
7541;JUNCAL;Ciclovías mano doble;2;Recoleta;33.35;2024;mañana;144
21333;PRIMERA JUNTA;Ciclovías mano doble;7;Flores;108.21;2024;mañana;8
21303;PEDERNERA;Ciclovías mano doble;7;Flores;122.22;2024;mañana;8
17922;BILBAO, FRANCISCO;Ciclovías mano doble;7;Parque Chacabuco;110.95;2024;mañana;3
9764;BILLINGHURST;Ciclovías mano doble;5;Almagro;99.97;2024;mañana;0
5721;GORRITI;Ciclovías mano doble;14;Palermo;130.25;2024;mañana;110
5188;SOLER;Ciclovías mano doble;14;Palermo;122.24;2024;mañana;29
31463;TRES ARROYOS;Ciclovías mano doble;15;Villa Crespo;11.09;2024;mañana;145
10012;TRES ARROYOS;Ciclovías mano doble;15;Villa Crespo;118.83;2024;mañana;145
1110;CUBA;Ciclovías mano doble;13;Nuñez;98.21;2024;mañana;9
19083;TREINTA Y TRES ORIENTALES;Ciclovías mano doble;5;Boedo;77.65;2024;mañana;52
17046;PAVON;Ciclovías mano doble;5;Boedo;75.81;2024;mañana;32
2090;IBERA;Ciclovías mano doble;12;Coghlan;47.48;2024;mañana;102
22359;POLA;Ciclovías mano doble;9;Mataderos;63.26;2024;mañana;39
15269;TREINTA Y TRES ORIENTALES;Ciclovías mano doble;5;Boedo;82.87;2024;mañana;52
1239;MONROE;Ciclovías mano doble;13;Belgrano;136.49;2024;mañana;88
17088;DEFENSA;Ciclovías mano doble;1;San Telmo;33.91;2024;mañana;0
22885;POLA;Ciclovías mano doble;9;Mataderos;149.42;2024;mañana;39
20214;PEDERNERA;Ciclovías mano doble;7;Flores;135.51;2024;mañana;8
7597;JUNCAL;Ciclovías mano doble;2;Recoleta;6.12;2024;mañana;144
5013;LA PAMPA;Ciclovías mano doble;12;Villa Urquiza;110.92;2024;mañana;245
11601;DIAZ, CESAR, GRAL.;Ciclovías mano doble;11;Villa Gral. Mitre;124.64;2024;mañana;48
2999;ECHEVERRIA;Ciclovías mano doble;13;Belgrano;117.12;2024;mañana;78
13527;MEXICO;Ciclovías mano doble;3;Balvanera;140.87;2024;mañana;130
11854;VALLESE, FELIPE;Ciclovías mano doble;6;Caballito;95.56;2024;mañana;39
8140;SAN MARTIN;Ciclovías mano doble;1;Retiro;50.97;2024;mañana;89
18212;HORNOS, GRAL.;Ciclovías mano doble;4;Barracas;95.51;2024;mañana;48
12704;GARCIA, JUAN AGUSTIN;Ciclovías mano doble;11;Villa Santa Rita;67.76;2024;mañana;29
15311;GONZALEZ, ELPIDIO;Ciclovías mano doble;10;Monte Castro;140.65;2024;mañana;27
14193;TREINTA Y TRES ORIENTALES;Ciclovías mano doble;5;Almagro;131.04;2024;mañana;52
16473;DOBLAS;Ciclovías mano doble;6;Caballito;142.27;2024;mañana;59
12460;ALSINA, ADOLFO;Ciclovías mano doble;3;Balvanera;133.15;2024;mañana;0
5997;GRIVEO;Ciclovías mano doble;12;Villa Pueyrredon;76.62;2024;mañana;33
7833;SUIPACHA;Ciclovías mano doble;1;Retiro;66.99;2024;mañana;214
1128;AMENABAR;Ciclovías mano doble;13;Nuñez;99.83;2024;mañana;76
6279;GODOY CRUZ;Ciclovías mano doble;14;Palermo;120.37;2024;mañana;86
243;CUBA;Ciclovías mano doble;13;Nuñez;100.95;2024;mañana;9
14973;LINIERS VIRREY;Ciclovías mano doble;5;Boedo;148.55;2024;mañana;0
832;MONROE;Ciclovías mano doble;13;Belgrano;124.63;2024;mañana;88
13944;GONZALEZ, ELPIDIO;Ciclovías mano doble;10;Monte Castro;120.84;2024;mañana;27
4120;LUGONES;Ciclovías mano doble;12;Villa Urquiza;117.97;2024;mañana;76
4642;MARTINEZ, ENRIQUE, GRAL.;Ciclovías mano doble;13;Colegiales;68.08;2024;mañana;15
900;MILLER;Ciclovías mano doble;12;Saavedra;100.71;2024;mañana;47
2661;PEDRAZA, MANUELA;Ciclovías mano doble;12;Villa Urquiza;125.09;2024;mañana;28
15546;AZOPARDO;Ciclovías mano doble;1;San Telmo;147.92;2024;mañana;0
16682;PAVON;Ciclovías mano doble;3;San Cristobal;124.96;2024;mañana;32
13608;MENDEZ DE ANDES;Ciclovías mano doble;6;Caballito;112.43;2024;mañana;108
21990;PATRON;Ciclovías mano doble;9;Liniers;77.68;2024;mañana;48
12681;DON BOSCO;Ciclovías mano doble;5;Almagro;136.62;2024;mañana;49
2804;MILLER;Ciclovías mano doble;12;Villa Urquiza;67.98;2024;mañana;47
472;SUPERI;Ciclovías mano doble;12;Saavedra;100.74;2024;mañana;245
18755;DOBLAS;Ciclovías mano doble;7;Parque Chacabuco;132.43;2024;mañana;59
11877;ALSINA, ADOLFO;Ciclovías mano única;1;Monserrat;38.50;2024;mañana;0
1339;IBERA;Ciclovías mano doble;13;Nuñez;84.42;2024;mañana;102
21300;BALBASTRO;Ciclovías mano doble;7;Flores;6.67;2024;mañana;9
22457;POLA;Ciclovías mano doble;9;Mataderos;58.21;2024;mañana;39
11504;TACUARI;Ciclovías mano doble;1;Monserrat;65.73;2024;mañana;215
2073;ECHEVERRIA;Ciclovías mano doble;13;Belgrano;100.57;2024;mañana;78
14246;SASTRE, MARCOS;Ciclovías mano doble;10;Monte Castro;94.44;2024;mañana;45
5830;GODOY CRUZ;Ciclovías mano doble;14;Palermo;81.66;2024;mañana;86
18142;DEAN FUNES;Ciclovías mano doble;4;Parque Patricios;169.71;2024;mañana;57
15818;CONSTITUCION;Ciclovías mano doble;1;Constitucion;116.76;2024;mañana;0
10870;TRES ARROYOS;Ciclovías mano doble;6;Caballito;126.03;2024;mañana;145
14556;AZOPARDO;Ciclovías mano doble;1;San Telmo;131.07;2024;mañana;0
1268;AMENABAR;Ciclovías mano doble;13;Nuñez;154.10;2024;mañana;76
11893;GARCIA, JUAN AGUSTIN;Ciclovías mano doble;11;Villa Santa Rita;27.24;2024;mañana;29
4213;LA PAMPA;Ciclovías mano doble;12;Villa Urquiza;82.74;2024;mañana;245
14570;CALVO, CARLOS;Ciclovías mano doble;3;San Cristobal;122.36;2024;mañana;122
8594;ACUÑA DE FIGUEROA, FRANCISCO;Ciclovías mano doble;5;Almagro;53.19;2024;mañana;74
10782;MONTEVIDEO;Ciclovías mano doble;1;San Nicolas;131.09;2024;mañana;165
5487;GRIVEO;Ciclovías mano doble;12;Villa Pueyrredon;130.05;2024;mañana;33
9565;TUCUMAN;Ciclovías mano doble;3;Balvanera;112.08;2024;mañana;125
15926;DOBLAS;Ciclovías mano doble;6;Caballito;84.35;2024;mañana;59
7026;NUEVA YORK;Ciclovías mano doble;15;Agronomia;130.31;2024;mañana;5
19973;USPALLATA;Ciclovías mano doble;4;Parque Patricios;150.04;2024;mañana;0
9988;HUMAHUACA;Ciclovías mano doble;3;Balvanera;130.18;2024;mañana;202
1102;SUPERI;Ciclovías mano doble;12;Saavedra;57.75;2024;mañana;245
2825;ECHEVERRIA;Ciclovías mano doble;13;Belgrano;117.03;2024;mañana;78
2328;PEDRAZA, MANUELA;Ciclovías mano doble;12;Villa Urquiza;100.94;2024;mañana;28
19737;USPALLATA;Ciclovías mano doble;4;Parque Patricios;179.44;2024;mañana;0
11204;GARCIA, JUAN AGUSTIN;Ciclovías mano doble;11;Villa Gral. Mitre;141.78;2024;mañana;29
1988;TRONADOR;Ciclovías mano doble;12;Coghlan;73.84;2024;mañana;5
9980;PADILLA;Ciclovías mano doble;15;Villa Crespo;62.78;2024;mañana;130
20931;BALBASTRO;Ciclovías mano doble;7;Flores;121.99;2024;mañana;9
1709;IBERA;Ciclovías mano doble;12;Coghlan;13.27;2024;mañana;102
1655;OLAZABAL;Ciclovías mano doble;13;Belgrano;31.11;2024;mañana;49
4677;CERETTI;Ciclovías mano doble;12;Villa Urquiza;106.90;2024;mañana;29
3511;CERETTI;Ciclovías mano doble;12;Villa Urquiza;146.20;2024;mañana;29
1975;AMENABAR;Ciclovías mano doble;13;Belgrano;128.10;2024;mañana;76
14564;SASTRE, MARCOS;Ciclovías mano doble;10;Monte Castro;96.85;2024;mañana;45
6868;NUEVA YORK;Ciclovías mano doble;15;Agronomia;65.15;2024;mañana;5
2009;11 DE SEPTIEMBRE DE 1888;Ciclovías mano doble;13;Belgrano;128.88;2024;mañana;20
3258;SUPERI;Ciclovías mano doble;13;Belgrano;120.50;2024;mañana;245
4825;CERETTI;Ciclovías mano doble;12;Villa Urquiza;100.88;2024;mañana;29
14744;FRAY CAYETANO RODRIGUEZ;Ciclovías mano doble;7;Flores;120.13;2024;mañana;25
5242;LA PAMPA;Ciclovías mano doble;12;Villa Urquiza;39.09;2024;mañana;245
6375;AZCUENAGA;Ciclovías mano doble;2;Recoleta;16.13;2024;mañana;116
6417;FRENCH;Ciclovías mano doble;2;Recoleta;56.42;2024;mañana;70
19853;USPALLATA;Ciclovías mano doble;4;Parque Patricios;159.01;2024;mañana;0
15782;TREINTA Y TRES ORIENTALES;Ciclovías mano doble;5;Boedo;192.70;2024;mañana;52
13152;LINIERS VIRREY;Ciclovías mano doble;5;Almagro;139.22;2024;mañana;0
31817;SAN MARTIN;Ciclovías mano doble;1;Retiro;52.59;2024;mañana;89
23543;POLA;Ciclovías mano doble;9;Mataderos;158.83;2024;mañana;39
28141;POLA;Ciclovías mano doble;9;Mataderos;13.24;2024;mañana;39
17523;BONIFACIO, JOSE;Ciclovías mano doble;7;Flores;104.60;2024;mañana;37
2041;IBERA;Ciclovías mano doble;12;Coghlan;102.56;2024;mañana;102
2744;ECHEVERRIA;Ciclovías mano doble;13;Belgrano;116.87;2024;mañana;78
15805;VALLE;Ciclovías mano doble;6;Caballito;125.51;2024;mañana;78
6792;NUEVA YORK;Ciclovías mano doble;15;Agronomia;64.81;2024;mañana;5
16063;VALLE;Ciclovías mano doble;6;Caballito;142.84;2024;mañana;78
12141;AZOPARDO;Ciclovías mano doble;1;Monserrat;73.53;2024;mañana;0
8325;ALVEAR, MARCELO T. DE;Ciclovías mano doble;2;Recoleta;134.32;2024;mañana;73
23101;RODO, JOSE E.;Ciclovías mano doble;9;Mataderos;103.44;2024;mañana;13
1728;11 DE SEPTIEMBRE DE 1888;Ciclovías mano doble;13;Belgrano;125.74;2024;mañana;20
9854;BOUCHARD;Ciclovías mano doble;1;San Nicolas;122.95;2024;mañana;45
6343;FRENCH;Ciclovías mano doble;2;Recoleta;106.53;2024;mañana;70
12947;FRAGATA PRES. SARMIENTO;Ciclovías mano doble;6;Caballito;128.57;2024;mañana;40
3422;SUPERI;Ciclovías mano doble;13;Belgrano;157.33;2024;mañana;245
16883;TREINTA Y TRES ORIENTALES;Ciclovías mano doble;5;Boedo;124.82;2024;mañana;52
6138;NUEVA YORK;Ciclovías mano doble;15;Agronomia;65.29;2024;mañana;5
2933;MILLER;Ciclovías mano doble;12;Villa Urquiza;129.98;2024;mañana;47
5783;CERETTI;Ciclovías mano doble;15;Parque Chas;101.64;2024;mañana;29
7067;GRIVEO;Ciclovías mano doble;11;Villa Devoto;44.69;2024;mañana;33
19870;USPALLATA;Ciclovías mano doble;4;Parque Patricios;29.83;2024;mañana;0
13951;FRAY CAYETANO RODRIGUEZ;Ciclovías mano doble;7;Flores;76.15;2024;mañana;25
13922;SASTRE, MARCOS;Ciclovías mano doble;10;Monte Castro;82.35;2024;mañana;45
4842;GODOY CRUZ;Ciclovías mano doble;14;Palermo;137.39;2024;mañana;86
16646;DEAN FUNES;Ciclovías mano doble;3;San Cristobal;107.01;2024;mañana;57
14903;SASTRE, MARCOS;Ciclovías mano doble;10;Monte Castro;130.21;2024;mañana;45
6589;GORRITI;Ciclovías mano doble;14;Palermo;109.67;2024;mañana;110
1290;IBERA;Ciclovías mano doble;13;Nuñez;119.83;2024;mañana;102
1395;11 DE SEPTIEMBRE DE 1888;Ciclovías mano doble;13;Belgrano;117.37;2024;mañana;20
13870;DIAZ, CESAR, GRAL.;Ciclovías mano doble;11;Villa Santa Rita;85.56;2024;mañana;48
20256;HORNOS, GRAL.;Ciclovías mano doble;4;Barracas;121.40;2024;mañana;48
10921;POTOSI;Ciclovías mano doble;5;Almagro;137.67;2024;mañana;118
6616;HUMBOLDT;Ciclovías mano doble;15;Chacarita;127.09;2024;mañana;226
13947;LINIERS VIRREY;Ciclovías mano doble;5;Almagro;121.17;2024;mañana;0
3638;CERETTI;Ciclovías mano doble;12;Villa Urquiza;127.88;2024;mañana;29
22247;RODO, JOSE E.;Ciclovías mano doble;9;Parque Avellaneda;65.15;2024;mañana;13
19977;PICHEUTA;Ciclovías mano doble;7;Parque Chacabuco;75.12;2024;mañana;13
16105;MORON;Ciclovías mano doble;10;Floresta;105.58;2024;mañana;55
15793;MORON;Ciclovías mano doble;7;Flores;111.00;2024;mañana;55
3495;LUGONES;Ciclovías mano doble;12;Villa Urquiza;126.23;2024;mañana;76
7233;ALVAREZ, JULIAN;Ciclovías mano doble;14;Palermo;264.77;2024;mañana;86
6036;ALVAREZ, JULIAN;Ciclovías mano doble;14;Palermo;111.91;2024;mañana;86
3358;CERETTI;Ciclovías mano doble;12;Villa Urquiza;135.04;2024;mañana;29
16554;RINCON;Ciclovías mano doble;3;San Cristobal;107.50;2024;mañana;0
3125;BLANCO ENCALADA;Ciclovías mano doble;12;Villa Urquiza;104.21;2024;mañana;76
12224;ALSINA, ADOLFO;Ciclovías mano doble;3;Balvanera;124.66;2024;mañana;0
1164;IBERA;Ciclovías mano doble;13;Nuñez;83.58;2024;mañana;102
9314;SAN MARTIN;Ciclovías mano doble;1;San Nicolas;130.60;2024;mañana;89
15653;GONZALEZ, ELPIDIO;Ciclovías mano doble;10;Monte Castro;88.03;2024;mañana;27
14665;TACUARI;Ciclovías mano doble;1;Constitucion;127.30;2024;mañana;215
18496;DEAN FUNES;Ciclovías mano doble;4;Parque Patricios;136.02;2024;mañana;57
12886;SASTRE, MARCOS;Ciclovías mano doble;10;Monte Castro;38.71;2024;mañana;45
2216;11 DE SEPTIEMBRE DE 1888;Ciclovías mano doble;13;Belgrano;128.44;2024;mañana;20
2199;ECHEVERRIA;Ciclovías mano doble;13;Belgrano;104.13;2024;mañana;78
13094;SASTRE, MARCOS;Ciclovías mano doble;10;Monte Castro;37.08;2024;mañana;45
13726;MEXICO;Ciclovías mano doble;3;Balvanera;130.40;2024;mañana;130
199;CUBA;Ciclovías mano doble;13;Nuñez;101.53;2024;mañana;9
12552;VALLESE, FELIPE;Ciclovías mano doble;6;Caballito;42.97;2024;mañana;39
12910;AZOPARDO;Ciclovías mano doble;1;Monserrat;131.65;2024;mañana;0
11931;GARCIA, JUAN AGUSTIN;Ciclovías mano doble;11;Villa Santa Rita;31.21;2024;mañana;29
17615;ESTRADA;Ciclovías mano doble;7;Parque Chacabuco;76.62;2024;mañana;23
15069;CALVO, CARLOS;Ciclovías mano doble;3;San Cristobal;164.90;2024;mañana;122
9513;ACUÑA DE FIGUEROA, FRANCISCO;Ciclovías mano doble;5;Almagro;135.29;2024;mañana;74
10936;POTOSI;Ciclovías mano doble;5;Almagro;57.65;2024;mañana;118
22914;RODO, JOSE E.;Ciclovías mano doble;9;Mataderos;102.93;2024;mañana;13
2063;PEDRAZA, MANUELA;Ciclovías mano doble;12;Villa Urquiza;86.73;2024;mañana;28
2823;PEDRAZA, MANUELA;Ciclovías mano doble;12;Villa Urquiza;122.04;2024;mañana;28
2600;ECHEVERRIA;Ciclovías mano doble;13;Belgrano;107.44;2024;mañana;78
12516;VALLESE, FELIPE;Ciclovías mano doble;6;Caballito;101.49;2024;mañana;39
6280;GORRITI;Ciclovías mano doble;14;Palermo;91.53;2024;mañana;110
3130;MOLDES;Ciclovías mano doble;13;Colegiales;102.88;2024;mañana;43
7570;MONTEVIDEO;Ciclovías mano doble;2;Recoleta;68.69;2024;mañana;165
20197;BALBASTRO;Ciclovías mano doble;7;Parque Chacabuco;108.12;2024;mañana;9
18719;RONDEAU;Ciclovías mano doble;4;Parque Patricios;141.23;2024;mañana;0
14898;DEAN FUNES;Ciclovías mano doble;3;San Cristobal;140.80;2024;mañana;57
11275;TRES ARROYOS;Ciclovías mano doble;6;Caballito;126.41;2024;mañana;145
17648;MORON;Ciclovías mano doble;10;Velez Sarsfield;121.58;2024;mañana;55
10535;SAN MARTIN;Ciclovías mano doble;1;San Nicolas;127.81;2024;mañana;89
26723;UNANUE;Ciclovías mano única;8;Villa Lugano;129.02;2024;mañana;1
538;SUPERI;Ciclovías mano doble;12;Saavedra;100.44;2024;mañana;245
18468;LINIERS VIRREY;Ciclovías mano doble;5;Boedo;108.76;2024;mañana;0
2117;MILLER;Ciclovías mano doble;12;Saavedra;172.47;2024;mañana;47
15940;MORON;Ciclovías mano doble;10;Floresta;107.53;2024;mañana;55
7740;NUEVA YORK;Ciclovías mano doble;15;Agronomia;73.86;2024;mañana;5
31223;PATRON;Ciclovías mano doble;9;Liniers;9.18;2024;mañana;48
1315;MONROE;Ciclovías mano doble;13;Belgrano;130.04;2024;mañana;88
8177;ALVEAR, MARCELO T. DE;Ciclovías mano doble;1;Retiro;136.47;2024;mañana;73
28004;RODO, JOSE E.;Ciclovías mano doble;9;Parque Avellaneda;25.69;2024;mañana;13
6017;FRENCH;Ciclovías mano doble;2;Recoleta;125.18;2024;mañana;70
9488;TRES ARROYOS;Ciclovías mano doble;15;Villa Crespo;112.95;2024;mañana;145
2031;PEDRAZA, MANUELA;Ciclovías mano doble;12;Villa Urquiza;68.68;2024;mañana;28
13507;GONZALEZ, ELPIDIO;Ciclovías mano doble;10;Monte Castro;131.65;2024;mañana;27
14805;MENDEZ DE ANDES;Ciclovías mano doble;7;Flores;99.44;2024;mañana;108
7985;ALVAREZ, JULIAN;Ciclovías mano doble;14;Palermo;86.10;2024;mañana;86
27610;PINTO;Ciclovías mano doble;12;Saavedra;35.35;2024;mañana;16
2394;AMENABAR;Ciclovías mano doble;13;Belgrano;129.38;2024;mañana;76
13035;SASTRE, MARCOS;Ciclovías mano doble;10;Monte Castro;46.91;2024;mañana;45
22591;RODO, JOSE E.;Ciclovías mano doble;9;Mataderos;106.08;2024;mañana;13
8104;ECUADOR;Ciclovías mano doble;2;Recoleta;100.26;2024;mañana;86
2285;PEDRAZA, MANUELA;Ciclovías mano doble;12;Villa Urquiza;101.11;2024;mañana;28
8241;ALVEAR, MARCELO T. DE;Ciclovías mano doble;1;Retiro;79.82;2024;mañana;73
1011;CUBA;Ciclovías mano doble;13;Nuñez;100.53;2024;mañana;9
994;MILLER;Ciclovías mano doble;12;Saavedra;100.81;2024;mañana;47
18530;ALBERTI;Ciclovías mano doble;4;Parque Patricios;129.92;2024;mañana;28
7351;GORRITI;Ciclovías mano doble;14;Palermo;135.74;2024;mañana;110
7185;GORRITI;Ciclovías mano doble;14;Palermo;133.81;2024;mañana;110
13211;AZOPARDO;Ciclovías mano doble;1;Monserrat;116.61;2024;mañana;0
10270;SARMIENTO;Ciclovías mano doble;1;San Nicolas;126.70;2024;mañana;85
15846;LINIERS VIRREY;Ciclovías mano doble;5;Boedo;103.78;2024;mañana;0
2332;ECHEVERRIA;Ciclovías mano doble;13;Belgrano;110.55;2024;mañana;78
9411;ALVAREZ, JULIAN;Ciclovías mano doble;15;Villa Crespo;123.80;2024;mañana;86
21982;POLA;Ciclovías mano doble;9;Liniers;63.82;2024;mañana;39
14446;CHIVILCOY;Ciclovías mano doble;10;Floresta;136.95;2024;mañana;70
2177;AMENABAR;Ciclovías mano doble;13;Belgrano;125.48;2024;mañana;76
21846;PATRON;Ciclovías mano doble;9;Liniers;127.20;2024;mañana;48
16313;GONZALEZ, ELPIDIO;Ciclovías mano doble;10;Monte Castro;185.14;2024;mañana;27
2061;IBERA;Ciclovías mano doble;12;Coghlan;55.91;2024;mañana;102
27748;SUPERI;Ciclovías mano doble;13;Colegiales;18.63;2024;mañana;245
9659;TUCUMAN;Ciclovías mano doble;3;Balvanera;111.97;2024;mañana;125
18265;FINOCHIETTO ENRIQUE DR.;Ciclovías mano doble;4;Barracas;68.13;2024;mañana;0
10319;SARMIENTO;Ciclovías mano doble;1;San Nicolas;131.25;2024;mañana;85
15142;SASTRE, MARCOS;Ciclovías mano doble;10;Monte Castro;132.13;2024;mañana;45
12659;BOLIVAR;Ciclovías mano doble;1;Monserrat;129.52;2024;mañana;25
15936;CONSTITUCION;Ciclovías mano doble;3;San Cristobal;106.37;2024;mañana;0
16147;CEVALLOS, VIRREY;Ciclovías mano doble;1;Constitucion;140.47;2024;mañana;172
12567;SANCHEZ DE LORIA;Ciclovías mano doble;3;Balvanera;93.78;2024;mañana;69
10438;GARCIA, JUAN AGUSTIN;Ciclovías mano doble;11;Villa Gral. Mitre;140.26;2024;mañana;29
4228;CERETTI;Ciclovías mano doble;12;Villa Urquiza;101.12;2024;mañana;29
17653;DOBLAS;Ciclovías mano doble;7;Parque Chacabuco;85.12;2024;mañana;59
15168;COCHABAMBA;Ciclovías mano doble;1;San Telmo;130.48;2024;mañana;49
7531;JUNCAL;Ciclovías mano doble;2;Recoleta;26.36;2024;mañana;144
26540;UNANUE;Ciclovías mano única;8;Villa Lugano;101.58;2024;mañana;1
920;CUBA;Ciclovías mano doble;13;Nuñez;100.48;2024;mañana;9
15914;CONSTITUCION;Ciclovías mano doble;3;San Cristobal;84.01;2024;mañana;0
13447;CHILE;Ciclovías mano doble;1;Monserrat;35.36;2024;mañana;88
1754;IBERA;Ciclovías mano doble;12;Coghlan;93.12;2024;mañana;102
2735;MILLER;Ciclovías mano doble;12;Villa Urquiza;123.13;2024;mañana;47
12428;VALLESE, FELIPE;Ciclovías mano doble;6;Caballito;148.64;2024;mañana;39
19227;LINIERS VIRREY;Ciclovías mano doble;5;Boedo;118.52;2024;mañana;0
7596;JUNCAL;Ciclovías mano doble;2;Recoleta;107.55;2024;mañana;144
12764;RINCON;Ciclovías mano doble;3;Balvanera;128.72;2024;mañana;0
17884;BONIFACIO, JOSE;Ciclovías mano doble;7;Flores;166.18;2024;mañana;37
748;MONROE;Ciclovías mano doble;13;Belgrano;123.78;2024;mañana;88
12354;CHIVILCOY;Ciclovías mano doble;10;Monte Castro;160.86;2024;mañana;70
11132;CHIVILCOY;Ciclovías mano doble;11;Villa Devoto;104.45;2024;mañana;70
15101;CEVALLOS, VIRREY;Ciclovías mano doble;1;Constitucion;130.35;2024;mañana;172
19638;TREINTA Y TRES ORIENTALES;Ciclovías mano doble;5;Boedo;120.75;2024;mañana;52
24457;RODO, JOSE E.;Ciclovías mano doble;9;Mataderos;126.93;2024;mañana;13
1287;11 DE SEPTIEMBRE DE 1888;Ciclovías mano doble;13;Belgrano;117.13;2024;mañana;20
15130;CALVO, CARLOS;Ciclovías mano doble;3;San Cristobal;139.65;2024;mañana;122
1590;IBERA;Ciclovías mano doble;13;Nuñez;105.96;2024;mañana;102
825;PINTO;Ciclovías mano doble;12;Saavedra;65.60;2024;mañana;16
10463;ECUADOR;Ciclovías mano doble;3;Balvanera;127.33;2024;mañana;86
20623;POLA;Ciclovías mano doble;9;Liniers;146.74;2024;mañana;39
2729;BLANCO ENCALADA;Ciclovías mano doble;13;Belgrano;107.57;2024;mañana;76
7729;ARENALES;Ciclovías mano doble;1;Retiro;143.25;2024;mañana;82
14276;DEAN FUNES;Ciclovías mano doble;3;Balvanera;81.23;2024;mañana;57
3557;BLANCO ENCALADA;Ciclovías mano doble;12;Villa Urquiza;159.93;2024;mañana;76
15234;CHIVILCOY;Ciclovías mano doble;10;Floresta;69.70;2024;mañana;70
14573;DEAN FUNES;Ciclovías mano doble;3;San Cristobal;124.87;2024;mañana;57
17397;COMBATE DE LOS POZOS;Ciclovías mano doble;4;Parque Patricios;129.94;2024;mañana;0
18003;BONIFACIO, JOSE;Ciclovías mano doble;7;Flores;134.24;2024;mañana;37
799;AMENABAR;Ciclovías mano doble;12;Saavedra;119.03;2024;mañana;76
10946;CHIVILCOY;Ciclovías mano doble;11;Villa Devoto;104.55;2024;mañana;70
9535;BOUCHARD;Ciclovías mano doble;1;San Nicolas;144.32;2024;mañana;45
15089;MENDEZ DE ANDES;Ciclovías mano doble;7;Flores;60.85;2024;mañana;108
11392;MONTEVIDEO;Ciclovías mano doble;1;San Nicolas;140.36;2024;mañana;165
7938;GORRITI;Ciclovías mano doble;14;Palermo;79.47;2024;mañana;110
16514;GRANADEROS;Ciclovías mano doble;7;Flores;138.10;2024;mañana;108
20820;RODO, JOSE E.;Ciclovías mano doble;9;Parque Avellaneda;127.16;2024;mañana;13
646;PEDRAZA, MANUELA;Ciclovías mano doble;13;Nuñez;72.41;2024;mañana;28
8382;ALVAREZ, JULIAN;Ciclovías mano doble;15;Villa Crespo;123.69;2024;mañana;86
17108;RIGLOS;Ciclovías mano doble;7;Parque Chacabuco;149.55;2024;mañana;78
21109;RODO, JOSE E.;Ciclovías mano doble;9;Parque Avellaneda;92.30;2024;mañana;13
15774;VALLE;Ciclovías mano doble;6;Caballito;84.55;2024;mañana;78
14674;DOBLAS;Ciclovías mano doble;6;Caballito;121.95;2024;mañana;59
5224;GORRITI;Ciclovías mano doble;14;Palermo;129.55;2024;mañana;110
1786;IBERA;Ciclovías mano doble;12;Coghlan;67.41;2024;mañana;102
934;AMENABAR;Ciclovías mano doble;13;Nuñez;144.35;2024;mañana;76
21173;PRIMERA JUNTA;Ciclovías mano doble;7;Flores;124.30;2024;mañana;8
12759;TACUARI;Ciclovías mano doble;1;Monserrat;128.23;2024;mañana;215
11547;FRAGATA PRES. SARMIENTO;Ciclovías mano doble;6;Caballito;97.21;2024;mañana;40
8555;ECUADOR;Ciclovías mano doble;2;Recoleta;97.18;2024;mañana;86
16893;GONZALEZ, ELPIDIO;Ciclovías mano doble;10;Villa Luro;64.13;2024;mañana;27
16568;LINIERS VIRREY;Ciclovías mano doble;5;Boedo;113.75;2024;mañana;0
17195;MORON;Ciclovías mano doble;10;Velez Sarsfield;114.49;2024;mañana;55
9260;TUCUMAN;Ciclovías mano doble;3;Balvanera;158.42;2024;mañana;125
14358;TACUARI;Ciclovías mano doble;1;Constitucion;134.16;2024;mañana;215
7020;GORRITI;Ciclovías mano doble;14;Palermo;123.75;2024;mañana;110
14370;CALVO, CARLOS;Ciclovías mano doble;1;Constitucion;42.02;2024;mañana;122
7956;URIBURU JOSE E., PRES.;Ciclovías mano doble;2;Recoleta;112.65;2024;mañana;106
8787;OROÑO, NICASIO;Ciclovías mano doble;15;Paternal;122.71;2024;mañana;9
17852;HUGO, VICTOR;Ciclovías mano doble;10;Villa Luro;127.88;2024;mañana;25
23105;PATRON;Ciclovías mano doble;9;Liniers;67.18;2024;mañana;48
16107;PAVON;Ciclovías mano doble;1;Constitucion;136.47;2024;mañana;32
15224;GRANADEROS;Ciclovías mano doble;7;Flores;141.25;2024;mañana;108
1656;GOLFARINI, JUAN ANGEL, DR.;Ciclovías mano doble;13;Belgrano;127.07;2024;mañana;49
12540;GARCIA, JUAN AGUSTIN;Ciclovías mano doble;11;Villa Santa Rita;55.93;2024;mañana;29
497;CUBA;Ciclovías mano doble;13;Nuñez;45.47;2024;mañana;9
17706;ESTRADA;Ciclovías mano doble;7;Parque Chacabuco;111.54;2024;mañana;23
9072;SUIPACHA;Ciclovías mano doble;1;San Nicolas;128.97;2024;mañana;214
2632;SUPERI;Ciclovías mano doble;13;Belgrano;126.06;2024;mañana;245
12264;AZOPARDO;Ciclovías mano doble;1;Monserrat;52.94;2024;mañana;0
10938;POTOSI;Ciclovías mano doble;5;Almagro;119.04;2024;mañana;118
1997;TRONADOR;Ciclovías mano doble;12;Coghlan;9.40;2024;mañana;5
3194;MOLDES;Ciclovías mano doble;13;Colegiales;93.85;2024;mañana;43
3948;LA PAMPA;Ciclovías mano doble;12;Villa Urquiza;104.71;2024;mañana;245
8305;ALVEAR, MARCELO T. DE;Ciclovías mano doble;1;Retiro;135.55;2024;mañana;73
17328;TACUARI;Ciclovías mano doble;4;Barracas;68.65;2024;mañana;215
11226;BOLIVAR;Ciclovías mano doble;1;Monserrat;54.12;2024;mañana;25
6080;ROSETI;Ciclovías mano doble;15;Chacarita;211.78;2024;mañana;67
14133;DIAZ, CESAR, GRAL.;Ciclovías mano doble;11;Villa Santa Rita;134.04;2024;mañana;48
13681;CHILE;Ciclovías mano doble;3;Balvanera;144.77;2024;mañana;88
19547;USPALLATA;Ciclovías mano doble;4;Parque Patricios;133.96;2024;mañana;0
17579;CEVALLOS, VIRREY;Ciclovías mano doble;1;Constitucion;134.12;2024;mañana;172
21378;HORNOS, GRAL.;Ciclovías mano doble;4;Barracas;47.53;2024;mañana;48
12167;VALLESE, FELIPE;Ciclovías mano doble;6;Caballito;101.60;2024;mañana;39
17016;GONZALEZ, ELPIDIO;Ciclovías mano doble;10;Villa Luro;63.31;2024;mañana;27
8539;OROÑO, NICASIO;Ciclovías mano doble;15;Paternal;150.05;2024;mañana;9
1995;PEDRAZA, MANUELA;Ciclovías mano doble;12;Coghlan;112.17;2024;mañana;28
22672;POLA;Ciclovías mano doble;9;Mataderos;72.50;2024;mañana;39
22824;PATRON;Ciclovías mano doble;9;Liniers;96.02;2024;mañana;48
24284;RODO, JOSE E.;Ciclovías mano doble;9;Mataderos;127.23;2024;mañana;13
2017;ECHEVERRIA;Ciclovías mano doble;13;Belgrano;100.40;2024;mañana;78
9951;URIBURU JOSE E., PRES.;Ciclovías mano doble;3;Balvanera;122.70;2024;mañana;106
12697;VALLESE, FELIPE;Ciclovías mano doble;6;Caballito;100.59;2024;mañana;39
7830;ARENALES;Ciclovías mano doble;2;Recoleta;92.98;2024;mañana;82
14132;CEVALLOS, VIRREY;Ciclovías mano doble;1;Constitucion;97.23;2024;mañana;172
12498;SASTRE, MARCOS;Ciclovías mano doble;10;Monte Castro;97.97;2024;mañana;45
6340;AZCUENAGA;Ciclovías mano doble;2;Recoleta;124.29;2024;mañana;116
13336;BOLIVAR;Ciclovías mano doble;1;Monserrat;130.46;2024;mañana;25
21054;PEDERNERA;Ciclovías mano doble;7;Flores;87.62;2024;mañana;8
18750;BONIFACIO, JOSE;Ciclovías mano doble;7;Flores;116.08;2024;mañana;37
15470;GONZALEZ, ELPIDIO;Ciclovías mano doble;10;Monte Castro;87.79;2024;mañana;27
14497;CALVO, CARLOS;Ciclovías mano doble;1;Constitucion;131.16;2024;mañana;122
8860;ALVAREZ, JULIAN;Ciclovías mano doble;15;Villa Crespo;125.00;2024;mañana;86
14625;GONZALEZ, ELPIDIO;Ciclovías mano doble;10;Monte Castro;52.45;2024;mañana;27
6570;ALVAREZ, JULIAN;Ciclovías mano doble;14;Palermo;95.59;2024;mañana;86
10312;TRES ARROYOS;Ciclovías mano doble;15;Villa Crespo;112.84;2024;mañana;145
7974;GORRITI;Ciclovías mano doble;14;Palermo;114.51;2024;mañana;110
11377;BOLIVAR;Ciclovías mano doble;1;Monserrat;57.20;2024;mañana;25
7823;ARENALES;Ciclovías mano doble;1;Retiro;135.18;2024;mañana;82
18678;FINOCHIETTO ENRIQUE DR.;Ciclovías mano única;4;Barracas;138.76;2024;mañana;0
8372;ALVEAR, MARCELO T. DE;Ciclovías mano doble;2;Recoleta;127.06;2024;mañana;73
17482;USPALLATA;Ciclovías mano doble;4;Barracas;100.63;2024;mañana;0
16582;TREINTA Y TRES ORIENTALES;Ciclovías mano doble;5;Boedo;72.47;2024;mañana;52
13630;BOLIVAR;Ciclovías mano doble;1;San Telmo;125.22;2024;mañana;25
14318;BOLIVAR;Ciclovías mano doble;1;San Telmo;122.33;2024;mañana;25
17092;LINIERS VIRREY;Ciclovías mano doble;5;Boedo;87.44;2024;mañana;0
19142;USPALLATA;Ciclovías mano doble;4;Parque Patricios;98.01;2024;mañana;0
12337;ALSINA, ADOLFO;Ciclovías mano doble;3;Balvanera;126.38;2024;mañana;0
18603;HORNOS, GRAL.;Ciclovías mano doble;4;Barracas;153.46;2024;mañana;48
8187;ACUÑA DE FIGUEROA, FRANCISCO;Ciclovías mano doble;14;Palermo;119.87;2024;mañana;74
12378;ALSINA, ADOLFO;Ciclovías mano doble;3;Balvanera;124.86;2024;mañana;0
18029;BILBAO, FRANCISCO;Ciclovías mano doble;7;Flores;110.23;2024;mañana;3
9099;TUCUMAN;Ciclovías mano doble;5;Almagro;136.37;2024;mañana;125
16226;RIGLOS;Ciclovías mano doble;6;Caballito;60.68;2024;mañana;78
10174;ECUADOR;Ciclovías mano doble;3;Balvanera;141.91;2024;mañana;86
8392;ALVEAR, MARCELO T. DE;Ciclovías mano doble;2;Recoleta;122.42;2024;mañana;73
4044;LA PAMPA;Ciclovías mano doble;12;Villa Urquiza;104.93;2024;mañana;245
6072;GRIVEO;Ciclovías mano doble;12;Villa Pueyrredon;75.26;2024;mañana;33
8611;URIBURU JOSE E., PRES.;Ciclovías mano doble;2;Recoleta;138.17;2024;mañana;106
2801;BLANCO ENCALADA;Ciclovías mano doble;13;Belgrano;104.29;2024;mañana;76
10587;TRES ARROYOS;Ciclovías mano doble;6;Caballito;51.62;2024;mañana;145
1840;SUPERI;Ciclovías mano doble;12;Coghlan;120.49;2024;mañana;245
17574;LINIERS VIRREY;Ciclovías mano doble;5;Boedo;71.79;2024;mañana;0
20353;POLA;Ciclovías mano doble;9;Liniers;91.90;2024;mañana;39
4526;BLANCO ENCALADA;Ciclovías mano doble;12;Villa Urquiza;119.79;2024;mañana;76
17306;DEAN FUNES;Ciclovías mano doble;4;Parque Patricios;132.05;2024;mañana;57
18768;PICHEUTA;Ciclovías mano doble;7;Parque Chacabuco;84.82;2024;mañana;13
7247;ALVAREZ, JULIAN;Ciclovías mano doble;14;Palermo;10.59;2024;mañana;86
7402;AZCUENAGA;Ciclovías mano doble;2;Recoleta;124.57;2024;mañana;116
19451;RONDEAU;Ciclovías mano doble;5;Boedo;70.61;2024;mañana;0
12581;VALLESE, FELIPE;Ciclovías mano doble;6;Caballito;26.68;2024;mañana;39
15309;ESTADOS UNIDOS;Ciclovías mano doble;5;Boedo;127.93;2024;mañana;78
8888;BILLINGHURST;Ciclovías mano doble;5;Almagro;174.00;2024;mañana;0
21280;BALBASTRO;Ciclovías mano doble;7;Flores;185.82;2024;mañana;9
4841;FREIRE, RAMON, CAP. GRAL.;Ciclovías mano doble;13;Colegiales;146.02;2024;mañana;102
14126;FRAGATA PRES. SARMIENTO;Ciclovías mano doble;6;Caballito;121.09;2024;mañana;40
6828;MONTEVIDEO;Ciclovías mano doble;2;Recoleta;142.72;2024;mañana;165
33111;RODO, JOSE E.;Ciclovías mano doble;9;Parque Avellaneda;43.03;2024;mañana;13
13526;CEVALLOS, VIRREY;Ciclovías mano doble;1;Monserrat;129.32;2024;mañana;172
1893;AMENABAR;Ciclovías mano doble;13;Belgrano;100.75;2024;mañana;76
9334;TRES ARROYOS;Ciclovías mano doble;15;Villa Crespo;40.94;2024;mañana;145
9160;BOUCHARD;Ciclovías mano doble;1;San Nicolas;125.03;2024;mañana;45
26859;UNANUE;Ciclovías mano única;8;Villa Lugano;87.07;2024;mañana;1
22023;PRIMERA JUNTA;Ciclovías mano doble;9;Parque Avellaneda;151.19;2024;mañana;8
19463;USPALLATA;Ciclovías mano doble;4;Parque Patricios;136.51;2024;mañana;0
5615;LA PAMPA;Ciclovías mano doble;12;Villa Urquiza;119.91;2024;mañana;245
11133;TRES ARROYOS;Ciclovías mano doble;6;Caballito;116.99;2024;mañana;145
10828;SAN MARTIN;Ciclovías mano doble;1;San Nicolas;128.44;2024;mañana;89
17932;MORON;Ciclovías mano doble;10;Velez Sarsfield;72.39;2024;mañana;55
18907;RONDEAU;Ciclovías mano doble;4;Parque Patricios;161.20;2024;mañana;0
22989;PATRON;Ciclovías mano doble;9;Liniers;90.94;2024;mañana;48
4885;MARTINEZ, ENRIQUE, GRAL.;Ciclovías mano doble;13;Colegiales;49.34;2024;mañana;15
12120;ALSINA, ADOLFO;Ciclovías mano doble;3;Balvanera;134.74;2024;mañana;0
12616;GARCIA, JUAN AGUSTIN;Ciclovías mano doble;11;Villa Santa Rita;49.22;2024;mañana;29
9530;MONTEVIDEO;Ciclovías mano doble;1;San Nicolas;120.65;2024;mañana;165
1989;IBERA;Ciclovías mano doble;12;Coghlan;105.08;2024;mañana;102
29830;DORREGO;Ciclovías mano doble;14;Palermo;25.82;2024;mañana;28
10790;ECUADOR;Ciclovías mano doble;3;Balvanera;154.73;2024;mañana;86
15613;CHIVILCOY;Ciclovías mano doble;10;Floresta;136.37;2024;mañana;70
12417;DON BOSCO;Ciclovías mano doble;5;Almagro;125.34;2024;mañana;49
1225;IBERA;Ciclovías mano doble;13;Nuñez;95.64;2024;mañana;102
5887;ALVAREZ, JULIAN;Ciclovías mano doble;14;Palermo;79.05;2024;mañana;86
22198;HORNOS, GRAL.;Ciclovías mano doble;4;Barracas;294.77;2024;mañana;48
30052;LIMA;Ciclovías mano doble;1;Constitucion;65.59;2024;mañana;0
3822;BLANCO ENCALADA;Ciclovías mano doble;12;Villa Urquiza;140.01;2024;mañana;76
8960;URIBURU JOSE E., PRES.;Ciclovías mano doble;2;Recoleta;168.34;2024;mañana;106
17499;GONZALEZ, ELPIDIO;Ciclovías mano doble;10;Villa Luro;127.41;2024;mañana;27
15725;VALLE;Ciclovías mano doble;6;Caballito;136.97;2024;mañana;78
27100;UNANUE;Ciclovías mano única;8;Villa Lugano;103.76;2024;mañana;1
20864;RODO, JOSE E.;Ciclovías mano doble;9;Parque Avellaneda;76.36;2024;mañana;13
21243;HORNOS, GRAL.;Ciclovías mano doble;4;Barracas;50.44;2024;mañana;48
4531;MONROE;Ciclovías mano doble;12;Villa Urquiza;165.89;2024;mañana;88
18875;LAS CASAS;Ciclovías mano doble;5;Boedo;138.26;2024;mañana;0
8370;ECUADOR;Ciclovías mano doble;2;Recoleta;139.67;2024;mañana;86
7961;GORRITI;Ciclovías mano doble;14;Palermo;139.67;2024;mañana;110
7709;ARENALES;Ciclovías mano doble;1;Retiro;84.70;2024;mañana;82
7672;GALLO;Ciclovías mano doble;2;Recoleta;22.70;2024;mañana;0
12313;DIAZ, CESAR, GRAL.;Ciclovías mano doble;11;Villa Gral. Mitre;141.39;2024;mañana;48
2592;PEDRAZA, MANUELA;Ciclovías mano doble;12;Villa Urquiza;119.98;2024;mañana;28
8976;SAN MARTIN;Ciclovías mano doble;1;San Nicolas;129.48;2024;mañana;89
15598;DEAN FUNES;Ciclovías mano doble;3;San Cristobal;135.66;2024;mañana;57
6630;NUEVA YORK;Ciclovías mano doble;15;Agronomia;64.74;2024;mañana;5
3515;AMENABAR;Ciclovías mano doble;13;Colegiales;100.42;2024;mañana;76
2385;PEDRAZA, MANUELA;Ciclovías mano doble;12;Villa Urquiza;100.80;2024;mañana;28
1646;MILLER;Ciclovías mano doble;12;Saavedra;73.40;2024;mañana;47
17402;DEAN FUNES;Ciclovías mano doble;4;Parque Patricios;33.74;2024;mañana;57
13430;CHILE;Ciclovías mano única;1;Monserrat;135.43;2024;mañana;88
15903;CONSTITUCION;Ciclovías mano doble;3;San Cristobal;111.00;2024;mañana;0
20963;PRIMERA JUNTA;Ciclovías mano doble;7;Flores;124.06;2024;mañana;8
5792;ALVAREZ, JULIAN;Ciclovías mano doble;14;Palermo;97.41;2024;mañana;86
9868;ALVAREZ, JULIAN;Ciclovías mano doble;15;Villa Crespo;146.57;2024;mañana;86
1553;MILLER;Ciclovías mano doble;12;Saavedra;45.33;2024;mañana;47
16915;MORON;Ciclovías mano doble;10;Velez Sarsfield;116.45;2024;mañana;55
21548;PRIMERA JUNTA;Ciclovías mano doble;9;Parque Avellaneda;112.33;2024;mañana;8
10273;URIBURU JOSE E., PRES.;Ciclovías mano doble;3;Balvanera;142.21;2024;mañana;106
2951;PEDRAZA, MANUELA;Ciclovías mano doble;12;Villa Urquiza;61.55;2024;mañana;28
7357;ALVAREZ, JULIAN;Ciclovías mano doble;14;Palermo;92.80;2024;mañana;86
8774;SUIPACHA;Ciclovías mano doble;1;Retiro;138.42;2024;mañana;214
15193;MORON;Ciclovías mano doble;7;Flores;138.03;2024;mañana;55
325;CUBA;Ciclovías mano doble;13;Nuñez;101.48;2024;mañana;9
4527;CERETTI;Ciclovías mano doble;12;Villa Urquiza;116.07;2024;mañana;29
1941;IBERA;Ciclovías mano doble;12;Coghlan;100.09;2024;mañana;102
7643;BILLINGHURST;Ciclovías mano doble;2;Recoleta;107.31;2024;mañana;0
11291;GARCIA, JUAN AGUSTIN;Ciclovías mano doble;11;Villa Gral. Mitre;66.87;2024;mañana;29
17847;MORON;Ciclovías mano doble;10;Velez Sarsfield;175.40;2024;mañana;55
12037;BOLIVAR;Ciclovías mano doble;1;Monserrat;127.11;2024;mañana;25
11200;PELLEGRINI, CARLOS;Ciclovías mano doble;1;San Nicolas;124.26;2024;mañana;0
6189;ALVAREZ, JULIAN;Ciclovías mano doble;14;Palermo;124.48;2024;mañana;86
13348;SAN NICOLAS;Ciclovías mano doble;11;Villa Santa Rita;137.06;2024;mañana;13
587;PEDRAZA, MANUELA;Ciclovías mano doble;13;Nuñez;100.01;2024;mañana;28
9316;HUMAHUACA;Ciclovías mano doble;5;Almagro;111.35;2024;mañana;202
22145;RODO, JOSE E.;Ciclovías mano doble;9;Parque Avellaneda;77.14;2024;mañana;13
12290;MISIONES;Ciclovías mano doble;3;Balvanera;130.52;2024;mañana;0
17692;COMBATE DE LOS POZOS;Ciclovías mano doble;4;Parque Patricios;114.74;2024;mañana;0
2382;MILLER;Ciclovías mano doble;12;Villa Urquiza;123.00;2024;mañana;47
12389;GARCIA, JUAN AGUSTIN;Ciclovías mano doble;11;Villa Santa Rita;68.69;2024;mañana;29
16754;PAVON;Ciclovías mano doble;3;San Cristobal;157.33;2024;mañana;32
16601;BOLIVAR;Ciclovías mano doble;4;Barracas;112.49;2024;mañana;25
17752;BONIFACIO, JOSE;Ciclovías mano doble;7;Flores;129.06;2024;mañana;37
11307;CASTELLI;Ciclovías mano doble;3;Balvanera;126.73;2024;mañana;0
18238;CEVALLOS, VIRREY;Ciclovías mano doble;1;Constitucion;109.80;2024;mañana;172
418;CUBA;Ciclovías mano doble;13;Nuñez;92.32;2024;mañana;9
4612;MONROE;Ciclovías mano doble;12;Villa Urquiza;76.65;2024;mañana;88
17760;ESTRADA;Ciclovías mano doble;7;Parque Chacabuco;146.49;2024;mañana;23
13842;FRAGATA PRES. SARMIENTO;Ciclovías mano doble;6;Caballito;137.07;2024;mañana;40
2827;AMENABAR;Ciclovías mano doble;13;Belgrano;102.30;2024;mañana;76
1098;MILLER;Ciclovías mano doble;12;Saavedra;100.52;2024;mañana;47
8006;BILLINGHURST;Ciclovías mano doble;2;Recoleta;100.80;2024;mañana;0
19658;DOBLAS;Ciclovías mano doble;7;Parque Chacabuco;146.85;2024;mañana;59
4509;MARTINEZ, ENRIQUE, GRAL.;Ciclovías mano doble;13;Colegiales;117.48;2024;mañana;15
13531;MENDEZ DE ANDES;Ciclovías mano doble;6;Caballito;143.61;2024;mañana;108
12289;ALSINA, ADOLFO;Ciclovías mano doble;3;Balvanera;102.04;2024;mañana;0
2393;ECHEVERRIA;Ciclovías mano doble;13;Belgrano;100.70;2024;mañana;78
24107;POLA;Ciclovías mano doble;9;Mataderos;125.80;2024;mañana;39
7661;JUNCAL;Ciclovías mano doble;2;Recoleta;115.82;2024;mañana;144
27633;CUBA;Ciclovías mano doble;13;Nuñez;22.66;2024;mañana;9
11374;GARCIA, JUAN AGUSTIN;Ciclovías mano doble;11;Villa Gral. Mitre;67.52;2024;mañana;29
9871;ACUÑA DE FIGUEROA, FRANCISCO;Ciclovías mano doble;5;Almagro;141.24;2024;mañana;74
15629;BOLIVAR;Ciclovías mano doble;1;San Telmo;131.67;2024;mañana;25
7678;JUNCAL;Ciclovías mano doble;2;Recoleta;85.75;2024;mañana;144
17849;GONZALEZ, ELPIDIO;Ciclovías mano doble;10;Versalles;102.56;2024;mañana;27
16629;MORON;Ciclovías mano doble;10;Floresta;117.99;2024;mañana;55
3335;MOLDES;Ciclovías mano doble;13;Colegiales;94.82;2024;mañana;43
9627;TUCUMAN;Ciclovías mano doble;3;Balvanera;131.84;2024;mañana;125
7049;MONTEVIDEO;Ciclovías mano doble;2;Recoleta;141.91;2024;mañana;165
1551;SUPERI;Ciclovías mano doble;12;Coghlan;99.00;2024;mañana;245
12164;PASCO;Ciclovías mano doble;3;Balvanera;132.11;2024;mañana;153
2066;AMENABAR;Ciclovías mano doble;13;Belgrano;127.08;2024;mañana;76
16455;MORON;Ciclovías mano doble;10;Floresta;132.22;2024;mañana;55
13723;GONZALEZ, ELPIDIO;Ciclovías mano doble;10;Monte Castro;116.42;2024;mañana;27
14368;CALVO, CARLOS;Ciclovías mano doble;1;Constitucion;38.80;2024;mañana;122
8358;ALVEAR, MARCELO T. DE;Ciclovías mano doble;2;Recoleta;136.49;2024;mañana;73
18809;LAS CASAS;Ciclovías mano doble;5;Boedo;104.85;2024;mañana;0
4416;MARTINEZ, ENRIQUE, GRAL.;Ciclovías mano doble;13;Colegiales;97.95;2024;mañana;15
15238;CALVO, CARLOS;Ciclovías mano doble;5;Boedo;27.50;2024;mañana;122
14452;CALVO, CARLOS;Ciclovías mano doble;1;Constitucion;139.66;2024;mañana;122
28001;ALVAREZ, JULIAN;Ciclovías mano doble;15;Villa Crespo;8.78;2024;mañana;86
16858;PAVON;Ciclovías mano doble;3;San Cristobal;143.66;2024;mañana;32
13985;RINCON;Ciclovías mano doble;3;Balvanera;131.50;2024;mañana;0
13372;MENDEZ DE ANDES;Ciclovías mano doble;6;Caballito;85.84;2024;mañana;108
7398;MONTEVIDEO;Ciclovías mano doble;2;Recoleta;134.08;2024;mañana;165
10933;POTOSI;Ciclovías mano doble;5;Almagro;78.34;2024;mañana;118
7850;GORRITI;Ciclovías mano doble;14;Palermo;102.61;2024;mañana;110
4932;GUATEMALA;Ciclovías mano doble;14;Palermo;117.01;2024;mañana;86
14893;MENDEZ DE ANDES;Ciclovías mano doble;7;Flores;96.70;2024;mañana;108
18188;ESTRADA;Ciclovías mano doble;7;Parque Chacabuco;27.28;2024;mañana;23
21370;RODO, JOSE E.;Ciclovías mano doble;9;Parque Avellaneda;46.59;2024;mañana;13
15959;GONZALEZ, ELPIDIO;Ciclovías mano doble;10;Monte Castro;166.50;2024;mañana;27
1433;MILLER;Ciclovías mano doble;12;Saavedra;49.77;2024;mañana;47
764;PEDRAZA, MANUELA;Ciclovías mano doble;13;Nuñez;46.23;2024;mañana;28
32876;CAMPOS SALLES;Ciclovías mano doble;13;Nuñez;677.10;2024;mañana;4
11744;CHIVILCOY;Ciclovías mano doble;11;Villa Devoto;117.86;2024;mañana;70
9473;ECUADOR;Ciclovías mano doble;3;Balvanera;105.07;2024;mañana;86
8366;ALVEAR, MARCELO T. DE;Ciclovías mano doble;2;Recoleta;42.48;2024;mañana;73
15590;LINIERS VIRREY;Ciclovías mano doble;5;Boedo;97.14;2024;mañana;0
19245;BONIFACIO, JOSE;Ciclovías mano doble;10;Floresta;100.92;2024;mañana;37
11635;CASTELLI;Ciclovías mano doble;3;Balvanera;141.98;2024;mañana;0
8701;ALVAREZ, JULIAN;Ciclovías mano doble;15;Villa Crespo;125.15;2024;mañana;86
14395;DOBLAS;Ciclovías mano única;6;Caballito;128.32;2024;mañana;59
6448;ALVAREZ, JULIAN;Ciclovías mano doble;14;Palermo;158.55;2024;mañana;86
4669;LA PAMPA;Ciclovías mano doble;12;Villa Urquiza;134.06;2024;mañana;245
1238;CUBA;Ciclovías mano doble;13;Nuñez;137.56;2024;mañana;9
12247;ALSINA, ADOLFO;Ciclovías mano doble;3;Balvanera;113.54;2024;mañana;0
21595;PATRON;Ciclovías mano doble;9;Liniers;117.61;2024;mañana;48
2548;11 DE SEPTIEMBRE DE 1888;Ciclovías mano doble;13;Belgrano;126.72;2024;mañana;20
15749;VALLE;Ciclovías mano doble;6;Caballito;58.80;2024;mañana;78
23164;RODO, JOSE E.;Ciclovías mano doble;9;Mataderos;42.35;2024;mañana;13
8658;MONTEVIDEO;Ciclovías mano doble;2;Recoleta;142.50;2024;mañana;165
30009;PEDRAZA, MANUELA;Ciclovías mano doble;13;Nuñez;43.98;2024;mañana;28
1883;MILLER;Ciclovías mano doble;12;Saavedra;101.19;2024;mañana;47
9156;ACUÑA DE FIGUEROA, FRANCISCO;Ciclovías mano doble;5;Almagro;131.40;2024;mañana;74
12454;RINCON;Ciclovías mano doble;3;Balvanera;132.31;2024;mañana;0
8004;GORRITI;Ciclovías mano doble;14;Palermo;156.07;2024;mañana;110
4620;GUATEMALA;Ciclovías mano doble;14;Palermo;129.12;2024;mañana;86
14472;CALVO, CARLOS;Ciclovías mano doble;1;Constitucion;124.92;2024;mañana;122
10348;SUIPACHA;Ciclovías mano doble;1;San Nicolas;7.74;2024;mañana;214
15077;ESTADOS UNIDOS;Ciclovías mano doble;5;Boedo;131.69;2024;mañana;78
18198;LINIERS VIRREY;Ciclovías mano doble;5;Boedo;146.23;2024;mañana;0
14099;CHIVILCOY;Ciclovías mano doble;10;Floresta;68.77;2024;mañana;70
12364;SANCHEZ DE LORIA;Ciclovías mano doble;3;Balvanera;129.44;2024;mañana;69
14691;SASTRE, MARCOS;Ciclovías mano doble;10;Monte Castro;71.59;2024;mañana;45
14530;MENDEZ DE ANDES;Ciclovías mano doble;7;Flores;133.13;2024;mañana;108
9636;HUMAHUACA;Ciclovías mano doble;5;Almagro;132.72;2024;mañana;202
22755;RODO, JOSE E.;Ciclovías mano doble;9;Mataderos;102.73;2024;mañana;13
1983;MILLER;Ciclovías mano doble;12;Saavedra;139.17;2024;mañana;47
4943;CERETTI;Ciclovías mano doble;12;Villa Urquiza;68.16;2024;mañana;29
9188;PADILLA;Ciclovías mano doble;15;Villa Crespo;130.44;2024;mañana;130
3043;BLANCO ENCALADA;Ciclovías mano doble;12;Villa Urquiza;115.97;2024;mañana;76
11587;LAMAS, ANDRES;Ciclovías mano doble;11;Villa Gral. Mitre;34.49;2024;mañana;53
4314;BLANCO ENCALADA;Ciclovías mano doble;12;Villa Urquiza;120.96;2024;mañana;76
15400;SASTRE, MARCOS;Ciclovías mano doble;10;Monte Castro;136.30;2024;mañana;45
16855;DOBLAS;Ciclovías mano doble;7;Parque Chacabuco;149.28;2024;mañana;59
14616;BOLIVAR;Ciclovías mano doble;1;San Telmo;124.32;2024;mañana;25
6427;HUMBOLDT;Ciclovías mano doble;14;Palermo;120.90;2024;mañana;226
912;MONROE;Ciclovías mano doble;13;Belgrano;130.45;2024;mañana;88
1839;IBERA;Ciclovías mano doble;12;Coghlan;105.25;2024;mañana;102
9633;ALVAREZ, JULIAN;Ciclovías mano doble;15;Villa Crespo;141.95;2024;mañana;86
17173;TACUARI;Ciclovías mano doble;4;Barracas;129.64;2024;mañana;215
33090;HORNOS, GRAL.;Ciclovías mano doble;4;Barracas;37.16;2024;mañana;48
19438;PICHEUTA;Ciclovías mano doble;7;Parque Chacabuco;65.42;2024;mañana;13
15824;VALLE;Ciclovías mano doble;6;Caballito;94.45;2024;mañana;78
15573;VALLE;Ciclovías mano doble;6;Caballito;127.07;2024;mañana;78
9227;BILLINGHURST;Ciclovías mano doble;5;Almagro;130.75;2024;mañana;0
23400;RODO, JOSE E.;Ciclovías mano doble;9;Mataderos;103.82;2024;mañana;13
5297;ROSETI;Ciclovías mano doble;15;Chacarita;131.54;2024;mañana;67
7719;GORRITI;Ciclovías mano doble;14;Palermo;100.84;2024;mañana;110
19226;RONDEAU;Ciclovías mano doble;5;Boedo;90.13;2024;mañana;0
17617;BONIFACIO, JOSE;Ciclovías mano doble;7;Flores;114.10;2024;mañana;37
11805;TACUARI;Ciclovías mano doble;1;Monserrat;126.79;2024;mañana;215
12008;TRES ARROYOS;Ciclovías mano doble;11;Villa Gral. Mitre;72.15;2024;mañana;145
30603;MONROE;Ciclovías mano doble;12;Villa Pueyrredon;27.48;2024;mañana;88
7230;ACUÑA DE FIGUEROA, FRANCISCO;Ciclovías mano doble;14;Palermo;169.83;2024;mañana;74
12469;IRIGOYEN, BERNARDO DE;Ciclovías mano doble;1;Monserrat;134.01;2024;mañana;84
680;AMENABAR;Ciclovías mano doble;12;Saavedra;16.58;2024;mañana;76
11268;LAMAS, ANDRES;Ciclovías mano doble;11;Villa Gral. Mitre;119.10;2024;mañana;53
10331;BILLINGHURST;Ciclovías mano doble;5;Almagro;115.43;2024;mañana;0
19156;DEAN FUNES;Ciclovías mano doble;4;Parque Patricios;141.46;2024;mañana;57
1340;AMENABAR;Ciclovías mano doble;13;Nuñez;103.94;2024;mañana;76
10637;URIBURU JOSE E., PRES.;Ciclovías mano doble;3;Balvanera;160.88;2024;mañana;106
3876;LA PAMPA;Ciclovías mano doble;12;Villa Urquiza;104.86;2024;mañana;245
8933;ECUADOR;Ciclovías mano doble;3;Balvanera;191.29;2024;mañana;86
16354;DEAN FUNES;Ciclovías mano doble;3;San Cristobal;137.29;2024;mañana;57
3613;LUGONES;Ciclovías mano doble;12;Villa Urquiza;120.30;2024;mañana;76
1750;SUPERI;Ciclovías mano doble;12;Coghlan;149.74;2024;mañana;245
30011;PEDRAZA, MANUELA;Ciclovías mano doble;13;Nuñez;46.43;2024;mañana;28
16275;AZOPARDO;Ciclovías mano doble;4;La Boca;167.28;2024;mañana;0
16715;BOLIVAR;Ciclovías mano doble;4;Barracas;47.11;2024;mañana;25
11872;BILLINGHURST;Ciclovías mano doble;5;Almagro;153.27;2024;mañana;0
13559;SASTRE, MARCOS;Ciclovías mano doble;10;Monte Castro;103.00;2024;mañana;45
18925;PICHEUTA;Ciclovías mano doble;7;Parque Chacabuco;69.86;2024;mañana;13
3513;MOLDES;Ciclovías mano doble;13;Colegiales;113.06;2024;mañana;43
10121;BOUCHARD;Ciclovías mano doble;1;San Nicolas;150.69;2024;mañana;45
6041;GORRITI;Ciclovías mano doble;14;Palermo;55.50;2024;mañana;110
10930;PELLEGRINI, CARLOS;Ciclovías mano doble;1;San Nicolas;130.24;2024;mañana;0
17090;COMBATE DE LOS POZOS;Ciclovías mano doble;4;Parque Patricios;252.26;2024;mañana;0
23694;RODO, JOSE E.;Ciclovías mano doble;9;Mataderos;103.23;2024;mañana;13
15245;ESTADOS UNIDOS;Ciclovías mano doble;5;Boedo;60.45;2024;mañana;78
5730;GRIVEO;Ciclovías mano doble;12;Villa Pueyrredon;74.88;2024;mañana;33
14897;CALVO, CARLOS;Ciclovías mano doble;3;San Cristobal;157.20;2024;mañana;122
13409;CHILE;Ciclovías mano única;1;Monserrat;130.24;2024;mañana;88
26910;UNANUE;Ciclovías mano única;8;Villa Lugano;67.03;2024;mañana;1
4465;LA PAMPA;Ciclovías mano doble;12;Villa Urquiza;47.37;2024;mañana;245
26785;UNANUE;Ciclovías mano única;8;Villa Lugano;106.09;2024;mañana;1
4115;MARTINEZ, ENRIQUE, GRAL.;Ciclovías mano doble;13;Colegiales;82.80;2024;mañana;15
8168;ALVEAR, MARCELO T. DE;Ciclovías mano doble;2;Recoleta;125.38;2024;mañana;73
13456;MEXICO;Ciclovías mano doble;3;Balvanera;87.28;2024;mañana;130
19836;PEDERNERA;Ciclovías mano doble;7;Flores;60.03;2024;mañana;8
6517;AZCUENAGA;Ciclovías mano doble;2;Recoleta;93.72;2024;mañana;116
5089;GODOY CRUZ;Ciclovías mano doble;14;Palermo;144.46;2024;mañana;86
6360;GRIVEO;Ciclovías mano doble;12;Villa Pueyrredon;69.21;2024;mañana;33
32418;YERBAL;Ciclovías mano doble;6;Caballito;30.86;2024;mañana;29
1459;11 DE SEPTIEMBRE DE 1888;Ciclovías mano doble;13;Belgrano;60.89;2024;mañana;20
18137;ESTRADA;Ciclovías mano doble;7;Parque Chacabuco;27.29;2024;mañana;23
12319;ALSINA, ADOLFO;Ciclovías mano doble;3;Balvanera;111.90;2024;mañana;0
9210;MONTEVIDEO;Ciclovías mano doble;1;San Nicolas;141.32;2024;mañana;165
1523;IBERA;Ciclovías mano doble;13;Nuñez;101.31;2024;mañana;102
4198;GUATEMALA;Ciclovías mano doble;14;Palermo;135.69;2024;mañana;86
9658;TUCUMAN;Ciclovías mano doble;3;Balvanera;108.57;2024;mañana;125
7000;AZCUENAGA;Ciclovías mano doble;2;Recoleta;141.26;2024;mañana;116
14956;GONZALEZ, ELPIDIO;Ciclovías mano doble;10;Monte Castro;141.33;2024;mañana;27
15681;VALLE;Ciclovías mano doble;6;Caballito;160.43;2024;mañana;78
17440;DOBLAS;Ciclovías mano doble;7;Parque Chacabuco;119.40;2024;mañana;59
12949;DIAZ, CESAR, GRAL.;Ciclovías mano doble;11;Villa Santa Rita;75.02;2024;mañana;48
5870;GORRITI;Ciclovías mano doble;14;Palermo;115.84;2024;mañana;110
14985;TACUARI;Ciclovías mano doble;1;Constitucion;135.60;2024;mañana;215
12884;GARCIA, JUAN AGUSTIN;Ciclovías mano doble;11;Villa Santa Rita;70.17;2024;mañana;29
11011;TRES ARROYOS;Ciclovías mano doble;6;Caballito;125.72;2024;mañana;145
15317;MORON;Ciclovías mano doble;7;Flores;131.90;2024;mañana;55
8512;BILLINGHURST;Ciclovías mano doble;2;Recoleta;130.13;2024;mañana;0
3281;BLANCO ENCALADA;Ciclovías mano doble;12;Villa Urquiza;108.96;2024;mañana;76
9552;HUMAHUACA;Ciclovías mano doble;5;Almagro;147.69;2024;mañana;202
12003;CEVALLOS, VIRREY;Ciclovías mano doble;1;Monserrat;134.34;2024;mañana;172
2815;11 DE SEPTIEMBRE DE 1888;Ciclovías mano doble;14;Palermo;155.92;2024;mañana;20
15798;CEVALLOS, VIRREY;Ciclovías mano doble;1;Constitucion;118.95;2024;mañana;172
16344;LIMA;Ciclovías mano doble;1;Constitucion;108.31;2024;mañana;0
22201;PATRON;Ciclovías mano doble;9;Liniers;98.28;2024;mañana;48
12163;ALSINA, ADOLFO;Ciclovías mano doble;3;Balvanera;117.02;2024;mañana;0
13484;LINIERS VIRREY;Ciclovías mano doble;5;Almagro;121.86;2024;mañana;0
9389;SUIPACHA;Ciclovías mano doble;1;San Nicolas;127.52;2024;mañana;214
9569;TUCUMAN;Ciclovías mano doble;1;San Nicolas;118.91;2024;mañana;125
6653;ALVAREZ, JULIAN;Ciclovías mano doble;14;Palermo;72.43;2024;mañana;86
13570;AZOPARDO;Ciclovías mano doble;1;San Telmo;138.57;2024;mañana;0
6223;NUEVA YORK;Ciclovías mano doble;15;Agronomia;64.85;2024;mañana;5
13764;DIAZ, CESAR, GRAL.;Ciclovías mano doble;11;Villa Santa Rita;105.07;2024;mañana;48
20942;RODO, JOSE E.;Ciclovías mano doble;9;Parque Avellaneda;41.50;2024;mañana;13
2738;PEDRAZA, MANUELA;Ciclovías mano doble;12;Villa Urquiza;131.59;2024;mañana;28
18154;FINOCHIETTO ENRIQUE DR.;Ciclovías mano doble;4;Barracas;148.17;2024;mañana;0
14520;TREINTA Y TRES ORIENTALES;Ciclovías mano doble;5;Almagro;137.21;2024;mañana;52
17577;ESTRADA;Ciclovías mano doble;7;Parque Chacabuco;61.75;2024;mañana;23
12129;DIAZ, CESAR, GRAL.;Ciclovías mano doble;11;Villa Gral. Mitre;128.66;2024;mañana;48
28821;ARENALES;Ciclovías mano doble;1;Retiro;34.28;2024;mañana;82
17548;ESTRADA;Ciclovías mano doble;7;Parque Chacabuco;64.39;2024;mañana;23
24299;PATRON;Ciclovías mano doble;9;Liniers;103.25;2024;mañana;48
3041;PEDRAZA, MANUELA;Ciclovías mano doble;12;Villa Urquiza;66.30;2024;mañana;28
18196;TREINTA Y TRES ORIENTALES;Ciclovías mano doble;5;Boedo;150.04;2024;mañana;52
1085;MONROE;Ciclovías mano doble;13;Belgrano;6.33;2024;mañana;88
17063;MORON;Ciclovías mano doble;10;Velez Sarsfield;109.41;2024;mañana;55
20824;HORNOS, GRAL.;Ciclovías mano doble;4;Barracas;175.20;2024;mañana;48
4330;GUATEMALA;Ciclovías mano doble;14;Palermo;129.55;2024;mañana;86
22567;POLA;Ciclovías mano doble;9;Mataderos;72.34;2024;mañana;39
16117;PAVON;Ciclovías mano doble;1;Constitucion;127.50;2024;mañana;32
11346;TACUARI;Ciclovías mano doble;1;Monserrat;66.86;2024;mañana;215
12837;SASTRE, MARCOS;Ciclovías mano doble;10;Monte Castro;52.73;2024;mañana;45
8344;ALVEAR, MARCELO T. DE;Ciclovías mano doble;2;Recoleta;113.56;2024;mañana;73
731;SUPERI;Ciclovías mano doble;12;Saavedra;18.33;2024;mañana;245
3594;AMENABAR;Ciclovías mano doble;13;Colegiales;107.76;2024;mañana;76
19051;PICHEUTA;Ciclovías mano doble;7;Parque Chacabuco;49.68;2024;mañana;13
28128;POLA;Ciclovías mano doble;9;Mataderos;13.36;2024;mañana;39
14386;MENDEZ DE ANDES;Ciclovías mano doble;7;Flores;54.92;2024;mañana;108
2016;SUPERI;Ciclovías mano doble;12;Coghlan;133.92;2024;mañana;245
22384;PATRON;Ciclovías mano doble;9;Liniers;104.60;2024;mañana;48
4082;MARTINEZ, ENRIQUE, GRAL.;Ciclovías mano doble;13;Colegiales;104.25;2024;mañana;15
15407;TACUARI;Ciclovías mano doble;1;Constitucion;168.41;2024;mañana;215
7946;GORRITI;Ciclovías mano doble;14;Palermo;157.06;2024;mañana;110
12013;VALLESE, FELIPE;Ciclovías mano doble;6;Caballito;154.55;2024;mañana;39
14043;TACUARI;Ciclovías mano doble;1;Constitucion;108.25;2024;mañana;215
12358;BOLIVAR;Ciclovías mano doble;1;Monserrat;129.36;2024;mañana;25
14430;CALVO, CARLOS;Ciclovías mano doble;1;Constitucion;136.67;2024;mañana;122
18677;LAS CASAS;Ciclovías mano doble;5;Boedo;101.41;2024;mañana;0
15231;DEAN FUNES;Ciclovías mano doble;3;San Cristobal;133.48;2024;mañana;57
5088;GORRITI;Ciclovías mano doble;14;Palermo;140.23;2024;mañana;110
2435;11 DE SEPTIEMBRE DE 1888;Ciclovías mano doble;13;Belgrano;126.51;2024;mañana;20
13491;CHILE;Ciclovías mano doble;1;Monserrat;122.99;2024;mañana;88
16596;LIMA;Ciclovías mano doble;1;Constitucion;99.40;2024;mañana;0
2512;AMENABAR;Ciclovías mano doble;13;Belgrano;128.51;2024;mañana;76
3000;SUPERI;Ciclovías mano doble;13;Belgrano;127.28;2024;mañana;245
18509;BONIFACIO, JOSE;Ciclovías mano doble;7;Flores;125.58;2024;mañana;37
6220;FRENCH;Ciclovías mano doble;2;Recoleta;140.00;2024;mañana;70
23900;PATRON;Ciclovías mano doble;9;Liniers;103.31;2024;mañana;48
11804;ALSINA, ADOLFO;Ciclovías mano única;1;Monserrat;130.79;2024;mañana;0
9578;PADILLA;Ciclovías mano doble;15;Villa Crespo;98.17;2024;mañana;130
1394;MONROE;Ciclovías mano doble;13;Belgrano;116.00;2024;mañana;88
1819;AMENABAR;Ciclovías mano doble;13;Belgrano;101.15;2024;mañana;76
19268;USPALLATA;Ciclovías mano doble;4;Parque Patricios;175.54;2024;mañana;0
13851;MENDEZ DE ANDES;Ciclovías mano doble;6;Caballito;128.09;2024;mañana;108
3342;MILLER;Ciclovías mano doble;12;Villa Urquiza;129.45;2024;mañana;47
11763;DIAZ, CESAR, GRAL.;Ciclovías mano doble;11;Villa Gral. Mitre;60.52;2024;mañana;48
7465;GORRITI;Ciclovías mano doble;14;Palermo;98.65;2024;mañana;110
2286;MILLER;Ciclovías mano doble;12;Villa Urquiza;174.46;2024;mañana;47
14336;GONZALEZ, ELPIDIO;Ciclovías mano doble;10;Monte Castro;116.52;2024;mañana;27
15132;ESTADOS UNIDOS;Ciclovías mano doble;5;Boedo;122.80;2024;mañana;78
14373;CALVO, CARLOS;Ciclovías mano doble;1;Constitucion;140.74;2024;mañana;122
5154;ROSETI;Ciclovías mano doble;15;Chacarita;159.15;2024;mañana;67
12029;ALSINA, ADOLFO;Ciclovías mano doble;1;Monserrat;131.16;2024;mañana;0
1388;IBERA;Ciclovías mano doble;13;Nuñez;81.18;2024;mañana;102
6082;CERETTI;Ciclovías mano doble;15;Parque Chas;95.01;2024;mañana;29
20644;PRIMERA JUNTA;Ciclovías mano doble;7;Flores;127.85;2024;mañana;8
12960;TREINTA Y TRES ORIENTALES;Ciclovías mano doble;5;Almagro;111.52;2024;mañana;52
10875;GARCIA, JUAN AGUSTIN;Ciclovías mano doble;11;Villa Gral. Mitre;123.67;2024;mañana;29
1579;MILLER;Ciclovías mano doble;12;Saavedra;26.58;2024;mañana;47
6822;GRIVEO;Ciclovías mano doble;11;Villa Devoto;58.51;2024;mañana;33
3849;LUGONES;Ciclovías mano doble;12;Villa Urquiza;122.08;2024;mañana;76
11937;ALSINA, ADOLFO;Ciclovías mano única;1;Monserrat;123.10;2024;mañana;0
11678;ALSINA, ADOLFO;Ciclovías mano única;1;Monserrat;128.78;2024;mañana;0
15438;MORON;Ciclovías mano doble;7;Flores;136.00;2024;mañana;55
8466;SUIPACHA;Ciclovías mano doble;1;Retiro;134.69;2024;mañana;214
3199;BLANCO ENCALADA;Ciclovías mano doble;12;Villa Urquiza;105.14;2024;mañana;76
21426;POLA;Ciclovías mano doble;9;Liniers;147.33;2024;mañana;39
17519;MORON;Ciclovías mano doble;10;Velez Sarsfield;59.69;2024;mañana;55
17143;DOBLAS;Ciclovías mano doble;7;Parque Chacabuco;120.38;2024;mañana;59
5910;GRIVEO;Ciclovías mano doble;12;Villa Pueyrredon;77.87;2024;mañana;33
10926;POTOSI;Ciclovías mano doble;5;Almagro;136.93;2024;mañana;118
17357;MORON;Ciclovías mano doble;10;Velez Sarsfield;116.77;2024;mañana;55
15097;DOBLAS;Ciclovías mano doble;6;Caballito;181.51;2024;mañana;59
572;SUPERI;Ciclovías mano doble;12;Saavedra;50.21;2024;mañana;245
18217;15 DE NOVIEMBRE DE 1889;Ciclovías mano doble;4;Parque Patricios;137.30;2024;mañana;28
19415;RONDEAU;Ciclovías mano doble;5;Boedo;59.65;2024;mañana;0
13618;LINIERS VIRREY;Ciclovías mano doble;5;Almagro;57.68;2024;mañana;0
18180;USPALLATA;Ciclovías mano doble;4;Barracas;78.08;2024;mañana;0
4484;GUATEMALA;Ciclovías mano doble;14;Palermo;129.34;2024;mañana;86
1312;SUPERI;Ciclovías mano doble;12;Saavedra;141.13;2024;mañana;245
1462;IBERA;Ciclovías mano doble;13;Nuñez;100.00;2024;mañana;102
9529;TUCUMAN;Ciclovías mano doble;1;San Nicolas;137.66;2024;mañana;125
13423;DIAZ, CESAR, GRAL.;Ciclovías mano doble;11;Villa Santa Rita;136.76;2024;mañana;48
3990;LUGONES;Ciclovías mano doble;12;Villa Urquiza;121.93;2024;mañana;76
11840;ALSINA, ADOLFO;Ciclovías mano única;1;Monserrat;135.52;2024;mañana;0
1368;MILLER;Ciclovías mano doble;12;Saavedra;91.71;2024;mañana;47
5479;ROSETI;Ciclovías mano doble;15;Chacarita;108.52;2024;mañana;67
12566;ALSINA, ADOLFO;Ciclovías mano doble;3;Balvanera;157.48;2024;mañana;0
30305;PEDRAZA, MANUELA;Ciclovías mano doble;12;Villa Urquiza;30.40;2024;mañana;28
16922;TACUARI;Ciclovías mano doble;4;Barracas;147.86;2024;mañana;215
9877;ECUADOR;Ciclovías mano doble;3;Balvanera;160.70;2024;mañana;86
8559;PADILLA;Ciclovías mano doble;15;Villa Crespo;130.27;2024;mañana;130
19597;PICHEUTA;Ciclovías mano doble;7;Parque Chacabuco;62.02;2024;mañana;13
11785;ALSINA, ADOLFO;Ciclovías mano única;1;Monserrat;132.00;2024;mañana;0
22678;PATRON;Ciclovías mano doble;9;Liniers;86.39;2024;mañana;48
8277;ALVEAR, MARCELO T. DE;Ciclovías mano doble;1;Retiro;36.87;2024;mañana;73
13644;CHILE;Ciclovías mano doble;3;Balvanera;138.82;2024;mañana;88
15346;CHIVILCOY;Ciclovías mano doble;10;Floresta;68.84;2024;mañana;70
18682;RONDEAU;Ciclovías mano doble;4;Parque Patricios;151.53;2024;mañana;0
16268;RINCON;Ciclovías mano doble;3;San Cristobal;134.81;2024;mañana;0
4995;ARENAL, CONCEPCION;Ciclovías mano doble;13;Colegiales;80.16;2024;mañana;67
13509;CHILE;Ciclovías mano doble;1;Monserrat;146.73;2024;mañana;88
15863;SASTRE, MARCOS;Ciclovías mano doble;10;Monte Castro;64.94;2024;mañana;45
1454;AMENABAR;Ciclovías mano doble;13;Nuñez;142.16;2024;mañana;76
21721;RODO, JOSE E.;Ciclovías mano doble;9;Parque Avellaneda;73.52;2024;mañana;13
17937;HORNOS, GRAL.;Ciclovías mano doble;4;Barracas;228.44;2024;mañana;48
12088;ALSINA, ADOLFO;Ciclovías mano doble;3;Balvanera;138.90;2024;mañana;0
15198;ESTADOS UNIDOS;Ciclovías mano doble;5;Boedo;71.87;2024;mañana;78
8365;ALVEAR, MARCELO T. DE;Ciclovías mano doble;2;Recoleta;122.39;2024;mañana;73
4424;BLANCO ENCALADA;Ciclovías mano doble;12;Villa Urquiza;119.90;2024;mañana;76
17439;ESTRADA;Ciclovías mano doble;7;Parque Chacabuco;121.80;2024;mañana;23
6865;GORRITI;Ciclovías mano doble;14;Palermo;111.19;2024;mañana;110
4897;ARENAL, CONCEPCION;Ciclovías mano doble;13;Colegiales;128.28;2024;mañana;67
10334;SUIPACHA;Ciclovías mano doble;1;San Nicolas;140.11;2024;mañana;214
2620;BLANCO ENCALADA;Ciclovías mano doble;13;Belgrano;169.93;2024;mañana;76
17982;MORON;Ciclovías mano doble;10;Villa Luro;131.76;2024;mañana;55
7641;SAN MARTIN;Ciclovías mano doble;1;Retiro;191.80;2024;mañana;89
5095;ROSETI;Ciclovías mano doble;15;Villa Ortuzar;131.66;2024;mañana;67
12370;SASTRE, MARCOS;Ciclovías mano doble;10;Monte Castro;138.47;2024;mañana;45
18937;BONIFACIO, JOSE;Ciclovías mano doble;10;Floresta;108.09;2024;mañana;37
1519;BLANCO ENCALADA;Ciclovías mano doble;13;Belgrano;5.89;2024;mañana;76
10923;POTOSI;Ciclovías mano doble;5;Almagro;157.19;2024;mañana;118
7002;GRIVEO;Ciclovías mano doble;11;Villa Devoto;52.61;2024;mañana;33
4766;GRIVEO;Ciclovías mano doble;12;Villa Pueyrredon;129.35;2024;mañana;33
13069;TACUARI;Ciclovías mano doble;1;Monserrat;119.16;2024;mañana;215
3439;MILLER;Ciclovías mano doble;12;Villa Urquiza;103.26;2024;mañana;47
12328;CEVALLOS, VIRREY;Ciclovías mano doble;1;Monserrat;131.06;2024;mañana;172
23850;RODO, JOSE E.;Ciclovías mano doble;9;Mataderos;105.33;2024;mañana;13
1898;IBERA;Ciclovías mano doble;12;Coghlan;103.86;2024;mañana;102
9935;SAN MARTIN;Ciclovías mano doble;1;San Nicolas;122.35;2024;mañana;89
18379;BONIFACIO, JOSE;Ciclovías mano doble;7;Flores;136.28;2024;mañana;37
19000;HORNOS, GRAL.;Ciclovías mano doble;4;Barracas;171.49;2024;mañana;48
3784;SUPERI;Ciclovías mano doble;13;Colegiales;40.47;2024;mañana;245
5586;GODOY CRUZ;Ciclovías mano doble;14;Palermo;120.27;2024;mañana;86
5956;NUEVA YORK;Ciclovías mano doble;15;Agronomia;91.70;2024;mañana;5
8463;ACUÑA DE FIGUEROA, FRANCISCO;Ciclovías mano doble;14;Palermo;146.58;2024;mañana;74
14309;RINCON;Ciclovías mano doble;3;San Cristobal;131.19;2024;mañana;0
7075;FRENCH;Ciclovías mano doble;2;Recoleta;126.53;2024;mañana;70
16209;TREINTA Y TRES ORIENTALES;Ciclovías mano doble;5;Boedo;94.10;2024;mañana;52
4119;LA PAMPA;Ciclovías mano doble;12;Villa Urquiza;103.86;2024;mañana;245
2122;PEDRAZA, MANUELA;Ciclovías mano doble;12;Villa Urquiza;99.78;2024;mañana;28
3895;SUPERI;Ciclovías mano doble;13;Colegiales;97.72;2024;mañana;245
13186;CHIVILCOY;Ciclovías mano doble;10;Monte Castro;144.84;2024;mañana;70
12187;ALSINA, ADOLFO;Ciclovías mano doble;3;Balvanera;140.58;2024;mañana;0
6939;GRIVEO;Ciclovías mano doble;11;Villa Devoto;76.20;2024;mañana;33
11327;CHIVILCOY;Ciclovías mano doble;11;Villa Devoto;104.38;2024;mañana;70
4422;LA PAMPA;Ciclovías mano doble;12;Villa Urquiza;69.33;2024;mañana;245
14090;DEAN FUNES;Ciclovías mano doble;3;Balvanera;99.37;2024;mañana;57
13227;DIAZ, CESAR, GRAL.;Ciclovías mano doble;11;Villa Santa Rita;137.72;2024;mañana;48
18962;DOBLAS;Ciclovías mano doble;7;Parque Chacabuco;90.50;2024;mañana;59
15912;SASTRE, MARCOS;Ciclovías mano doble;10;Versalles;99.21;2024;mañana;45
26951;UNANUE;Ciclovías mano única;8;Villa Lugano;103.33;2024;mañana;1
17647;ESTRADA;Ciclovías mano doble;7;Parque Chacabuco;59.55;2024;mañana;23
17012;BOLIVAR;Ciclovías mano doble;4;Barracas;25.12;2024;mañana;25
15719;DOBLAS;Ciclovías mano doble;6;Caballito;79.96;2024;mañana;59
12467;LINIERS VIRREY;Ciclovías mano doble;5;Almagro;139.97;2024;mañana;0
12046;VALLESE, FELIPE;Ciclovías mano doble;6;Caballito;29.95;2024;mañana;39
1188;MILLER;Ciclovías mano doble;12;Saavedra;100.84;2024;mañana;47
16072;RIGLOS;Ciclovías mano doble;6;Caballito;158.70;2024;mañana;78
24674;POLA;Ciclovías mano doble;9;Mataderos;145.34;2024;mañana;39
24150;PATRON;Ciclovías mano doble;9;Liniers;103.31;2024;mañana;48
8209;ALVEAR, MARCELO T. DE;Ciclovías mano doble;1;Retiro;135.16;2024;mañana;73
10178;SARMIENTO;Ciclovías mano doble;1;San Nicolas;60.48;2024;mañana;85
12880;CHIVILCOY;Ciclovías mano doble;10;Monte Castro;152.15;2024;mañana;70
9045;OROÑO, NICASIO;Ciclovías mano doble;15;Paternal;118.60;2024;mañana;9
8881;VIAMONTE;Ciclovías mano doble;1;San Nicolas;35.59;2024;mañana;89
1578;AMENABAR;Ciclovías mano doble;13;Nuñez;140.27;2024;mañana;76
4333;MARTINEZ, ENRIQUE, GRAL.;Ciclovías mano doble;13;Colegiales;181.75;2024;mañana;15
10541;BILLINGHURST;Ciclovías mano doble;5;Almagro;94.23;2024;mañana;0
21556;BALBASTRO;Ciclovías mano doble;7;Flores;116.40;2024;mañana;9
20434;BALBASTRO;Ciclovías mano doble;7;Parque Chacabuco;120.79;2024;mañana;9
24114;RODO, JOSE E.;Ciclovías mano doble;9;Mataderos;99.99;2024;mañana;13
8391;ALVEAR, MARCELO T. DE;Ciclovías mano doble;2;Recoleta;133.48;2024;mañana;73
7829;ARENALES;Ciclovías mano doble;2;Recoleta;58.08;2024;mañana;82
24471;POLA;Ciclovías mano doble;9;Mataderos;135.70;2024;mañana;39
27992;BALBASTRO;Ciclovías mano doble;7;Flores;13.67;2024;mañana;9
15220;RINCON;Ciclovías mano doble;3;San Cristobal;138.54;2024;mañana;0
5928;CERETTI;Ciclovías mano doble;15;Parque Chas;95.45;2024;mañana;29
22550;HORNOS, GRAL.;Ciclovías mano doble;4;Barracas;158.08;2024;mañana;48
18421;DOBLAS;Ciclovías mano doble;7;Parque Chacabuco;151.44;2024;mañana;59
3079;CERETTI;Ciclovías mano doble;12;Villa Urquiza;94.51;2024;mañana;29
3397;MOLDES;Ciclovías mano doble;13;Colegiales;100.02;2024;mañana;43
12038;GARCIA, JUAN AGUSTIN;Ciclovías mano doble;11;Villa Santa Rita;68.95;2024;mañana;29
6129;AZCUENAGA;Ciclovías mano doble;2;Recoleta;173.39;2024;mañana;116
19041;RONDEAU;Ciclovías mano doble;4;Parque Patricios;182.44;2024;mañana;0
14029;BOLIVAR;Ciclovías mano doble;1;San Telmo;149.43;2024;mañana;25
1175;IBERA;Ciclovías mano doble;13;Nuñez;17.31;2024;mañana;102
16983;BRASIL;Ciclovías mano doble;1;Constitucion;70.74;2024;mañana;41
12131;GARCIA, JUAN AGUSTIN;Ciclovías mano doble;11;Villa Santa Rita;68.37;2024;mañana;29
19411;BONIFACIO, JOSE;Ciclovías mano doble;10;Floresta;70.21;2024;mañana;37
13973;CHIVILCOY;Ciclovías mano doble;10;Monte Castro;67.81;2024;mañana;70
2110;IBERA;Ciclovías mano doble;12;Coghlan;50.12;2024;mañana;102
20762;PRIMERA JUNTA;Ciclovías mano doble;7;Flores;62.23;2024;mañana;8
10296;SARMIENTO;Ciclovías mano doble;1;San Nicolas;130.45;2024;mañana;85
6148;GORRITI;Ciclovías mano doble;14;Palermo;78.58;2024;mañana;110
3367;BLANCO ENCALADA;Ciclovías mano doble;12;Villa Urquiza;103.94;2024;mañana;76
10208;SARMIENTO;Ciclovías mano doble;1;San Nicolas;104.29;2024;mañana;85
12967;SASTRE, MARCOS;Ciclovías mano doble;10;Monte Castro;44.51;2024;mañana;45
11036;GARCIA, JUAN AGUSTIN;Ciclovías mano doble;11;Villa Gral. Mitre;135.44;2024;mañana;29
12627;DON BOSCO;Ciclovías mano doble;5;Almagro;125.43;2024;mañana;49
6132;GODOY CRUZ;Ciclovías mano doble;14;Palermo;122.86;2024;mañana;86
3799;LA PAMPA;Ciclovías mano doble;12;Villa Urquiza;104.70;2024;mañana;245
18781;LAS CASAS;Ciclovías mano doble;5;Boedo;55.87;2024;mañana;0
7934;SUIPACHA;Ciclovías mano doble;1;Retiro;58.07;2024;mañana;214
7561;GRIVEO;Ciclovías mano doble;11;Villa Devoto;93.39;2024;mañana;33
3758;SUPERI;Ciclovías mano doble;13;Colegiales;75.12;2024;mañana;245
9869;PADILLA;Ciclovías mano doble;15;Villa Crespo;126.29;2024;mañana;130
7754;JUNCAL;Ciclovías mano doble;2;Recoleta;195.61;2024;mañana;144
11312;LAMAS, ANDRES;Ciclovías mano doble;11;Villa Gral. Mitre;18.32;2024;mañana;53
9461;TUCUMAN;Ciclovías mano doble;1;San Nicolas;130.05;2024;mañana;125
31247;BOLIVAR;Ciclovías mano doble;1;San Telmo;9.49;2024;mañana;25
9460;HUMAHUACA;Ciclovías mano doble;5;Almagro;142.49;2024;mañana;202
4536;LA PAMPA;Ciclovías mano doble;12;Villa Urquiza;88.36;2024;mañana;245
17707;RIGLOS;Ciclovías mano doble;7;Parque Chacabuco;119.87;2024;mañana;78
5372;ROSETI;Ciclovías mano doble;15;Chacarita;121.98;2024;mañana;67
542;PEDRAZA, MANUELA;Ciclovías mano doble;13;Nuñez;101.25;2024;mañana;28
8021;PADILLA;Ciclovías mano doble;15;Villa Crespo;102.35;2024;mañana;130
626;CUBA;Ciclovías mano doble;13;Nuñez;104.86;2024;mañana;9
16022;MORON;Ciclovías mano doble;10;Floresta;100.62;2024;mañana;55
5208;LA PAMPA;Ciclovías mano doble;12;Villa Urquiza;70.19;2024;mañana;245
6532;NUEVA YORK;Ciclovías mano doble;15;Agronomia;129.79;2024;mañana;5
15022;MENDEZ DE ANDES;Ciclovías mano doble;7;Flores;102.07;2024;mañana;108
12978;BOLIVAR;Ciclovías mano doble;1;Monserrat;125.93;2024;mañana;25
30418;SARMIENTO;Ciclovías mano doble;1;San Nicolas;23.66;2024;mañana;85
4831;MARTINEZ, ENRIQUE, GRAL.;Ciclovías mano doble;13;Colegiales;114.43;2024;mañana;15
9200;ECUADOR;Ciclovías mano doble;3;Balvanera;120.84;2024;mañana;86
21122;HORNOS, GRAL.;Ciclovías mano doble;4;Barracas;47.61;2024;mañana;48
10861;BILLINGHURST;Ciclovías mano doble;5;Almagro;145.46;2024;mañana;0
5055;ROSETI;Ciclovías mano doble;15;Villa Ortuzar;103.43;2024;mañana;67
15745;SASTRE, MARCOS;Ciclovías mano doble;10;Monte Castro;63.61;2024;mañana;45
11853;FRAGATA PRES. SARMIENTO;Ciclovías mano doble;6;Caballito;15.48;2024;mañana;40
18651;BONIFACIO, JOSE;Ciclovías mano doble;7;Flores;149.07;2024;mañana;37
26823;UNANUE;Ciclovías mano única;8;Villa Lugano;87.52;2024;mañana;1
10932;POTOSI;Ciclovías mano doble;5;Almagro;133.04;2024;mañana;118
17011;USPALLATA;Ciclovías mano doble;4;Barracas;122.60;2024;mañana;0
30018;PEDRAZA, MANUELA;Ciclovías mano doble;13;Nuñez;40.85;2024;mañana;28
18145;HUGO, VICTOR;Ciclovías mano doble;10;Villa Luro;143.69;2024;mañana;25
15875;MORON;Ciclovías mano doble;7;Flores;108.70;2024;mañana;55
13378;CHILE;Ciclovías mano única;1;Monserrat;133.24;2024;mañana;88
2978;CERETTI;Ciclovías mano doble;12;Villa Urquiza;122.28;2024;mañana;29
16279;BOLIVAR;Ciclovías mano doble;1;San Telmo;135.49;2024;mañana;25
14416;SASTRE, MARCOS;Ciclovías mano doble;10;Monte Castro;91.39;2024;mañana;45
11682;DIAZ, CESAR, GRAL.;Ciclovías mano doble;11;Villa Gral. Mitre;59.45;2024;mañana;48
18826;BONIFACIO, JOSE;Ciclovías mano doble;7;Flores;106.71;2024;mañana;37
14935;BOLIVAR;Ciclovías mano doble;1;San Telmo;129.63;2024;mañana;25
2742;SUPERI;Ciclovías mano doble;13;Belgrano;124.92;2024;mañana;245
17253;GONZALEZ, ELPIDIO;Ciclovías mano doble;10;Villa Luro;132.97;2024;mañana;27
16555;GONZALEZ, ELPIDIO;Ciclovías mano doble;10;Villa Luro;127.17;2024;mañana;27
7993;GORRITI;Ciclovías mano doble;14;Palermo;163.99;2024;mañana;110
14214;MENDEZ DE ANDES;Ciclovías mano doble;7;Flores;123.13;2024;mañana;108
1702;IBERA;Ciclovías mano doble;12;Coghlan;100.45;2024;mañana;102
8139;ALVEAR, MARCELO T. DE;Ciclovías mano doble;1;Retiro;110.24;2024;mañana;73
15444;VALLE;Ciclovías mano doble;6;Caballito;130.11;2024;mañana;78
9155;TUCUMAN;Ciclovías mano doble;3;Balvanera;133.69;2024;mañana;125
30419;SARMIENTO;Ciclovías mano doble;1;San Nicolas;18.30;2024;mañana;85
11935;DIAZ, CESAR, GRAL.;Ciclovías mano doble;11;Villa Gral. Mitre;123.52;2024;mañana;48
12138;TACUARI;Ciclovías mano doble;1;Monserrat;122.49;2024;mañana;215
10904;POTOSI;Ciclovías mano doble;5;Almagro;134.25;2024;mañana;118
1279;MILLER;Ciclovías mano doble;12;Saavedra;100.60;2024;mañana;47
15124;YERBAL;Ciclovías mano doble;6;Caballito;98.58;2024;mañana;29
17801;ESTRADA;Ciclovías mano doble;7;Parque Chacabuco;86.97;2024;mañana;23
3977;BLANCO ENCALADA;Ciclovías mano doble;12;Villa Urquiza;138.20;2024;mañana;76
12961;VALLESE, FELIPE;Ciclovías mano doble;6;Caballito;121.71;2024;mañana;39
7538;NUEVA YORK;Ciclovías mano doble;15;Agronomia;152.09;2024;mañana;5
22440;RODO, JOSE E.;Ciclovías mano doble;9;Parque Avellaneda;100.12;2024;mañana;13
18735;LINIERS VIRREY;Ciclovías mano doble;5;Boedo;107.81;2024;mañana;0
20896;POLA;Ciclovías mano doble;9;Liniers;147.01;2024;mañana;39
14088;MEXICO;Ciclovías mano doble;3;Balvanera;128.10;2024;mañana;130
15508;DOBLAS;Ciclovías mano doble;6;Caballito;83.04;2024;mañana;59
31442;VALLESE, FELIPE;Ciclovías mano doble;6;Caballito;13.40;2024;mañana;39
13554;CHILE;Ciclovías mano doble;1;Monserrat;121.81;2024;mañana;88
12175;SASTRE, MARCOS;Ciclovías mano doble;10;Monte Castro;104.00;2024;mañana;45
13638;PADRE M. L. MIGONE;Ciclovías mano doble;1;Puerto Madero;106.88;2024;mañana;0
2959;BLANCO ENCALADA;Ciclovías mano doble;12;Villa Urquiza;103.26;2024;mañana;76
13471;CHIVILCOY;Ciclovías mano doble;10;Monte Castro;158.22;2024;mañana;70
14394;GUAYAQUIL;Ciclovías mano doble;6;Caballito;147.11;2024;mañana;4
3323;LA PAMPA;Ciclovías mano doble;13;Belgrano;87.74;2024;mañana;245
12923;CEVALLOS, VIRREY;Ciclovías mano doble;1;Monserrat;117.36;2024;mañana;172
4206;BLANCO ENCALADA;Ciclovías mano doble;12;Villa Urquiza;170.93;2024;mañana;76
19532;LINIERS VIRREY;Ciclovías mano doble;5;Boedo;124.18;2024;mañana;0
19117;RONDEAU;Ciclovías mano doble;4;Parque Patricios;139.78;2024;mañana;0
6438;GORRITI;Ciclovías mano doble;14;Palermo;104.77;2024;mañana;110
10910;SUIPACHA;Ciclovías mano doble;1;San Nicolas;127.35;2024;mañana;214
11730;ALSINA, ADOLFO;Ciclovías mano única;1;Monserrat;120.33;2024;mañana;0
21724;POLA;Ciclovías mano doble;9;Liniers;147.80;2024;mañana;39
13540;CHILE;Ciclovías mano doble;1;Monserrat;119.42;2024;mañana;88
23993;PATRON;Ciclovías mano doble;9;Liniers;57.34;2024;mañana;48
14260;MEXICO;Ciclovías mano doble;3;Balvanera;156.31;2024;mañana;130
19781;PICHEUTA;Ciclovías mano doble;7;Parque Chacabuco;74.43;2024;mañana;13
13400;SASTRE, MARCOS;Ciclovías mano doble;10;Monte Castro;139.93;2024;mañana;45
15842;CHIVILCOY;Ciclovías mano doble;10;Floresta;133.43;2024;mañana;70
4927;GRIVEO;Ciclovías mano doble;12;Villa Pueyrredon;130.10;2024;mañana;33
1193;SUPERI;Ciclovías mano doble;12;Saavedra;100.14;2024;mañana;245
17901;ESTRADA;Ciclovías mano doble;7;Parque Chacabuco;27.67;2024;mañana;23
10623;ACUÑA DE FIGUEROA, FRANCISCO;Ciclovías mano doble;5;Almagro;145.76;2024;mañana;74
17445;MORON;Ciclovías mano doble;10;Velez Sarsfield;115.68;2024;mañana;55
9537;TUCUMAN;Ciclovías mano doble;3;Balvanera;104.09;2024;mañana;125
15475;CEVALLOS, VIRREY;Ciclovías mano doble;1;Constitucion;146.24;2024;mañana;172
12144;ALSINA, ADOLFO;Ciclovías mano doble;3;Balvanera;128.45;2024;mañana;0
12474;GARCIA, JUAN AGUSTIN;Ciclovías mano doble;11;Villa Santa Rita;68.22;2024;mañana;29
9514;HUMAHUACA;Ciclovías mano doble;5;Almagro;142.25;2024;mañana;202
17656;GONZALEZ, ELPIDIO;Ciclovías mano doble;10;Versalles;83.72;2024;mañana;27
2876;SUPERI;Ciclovías mano doble;13;Belgrano;130.49;2024;mañana;245
13435;CHILE;Ciclovías mano doble;1;Monserrat;39.15;2024;mañana;88
4098;CERETTI;Ciclovías mano doble;12;Villa Urquiza;99.98;2024;mañana;29
20073;PRIMERA JUNTA;Ciclovías mano doble;7;Flores;84.67;2024;mañana;8
11737;GARCIA, JUAN AGUSTIN;Ciclovías mano doble;11;Villa Santa Rita;135.77;2024;mañana;29
7759;URIBURU JOSE E., PRES.;Ciclovías mano doble;2;Recoleta;182.69;2024;mañana;106
14299;DIAZ, CESAR, GRAL.;Ciclovías mano doble;11;Villa Santa Rita;98.25;2024;mañana;48
12416;FRAGATA PRES. SARMIENTO;Ciclovías mano doble;6;Caballito;109.41;2024;mañana;40
11754;ALSINA, ADOLFO;Ciclovías mano única;1;Monserrat;119.67;2024;mañana;0
5040;HUMBOLDT;Ciclovías mano doble;14;Palermo;81.53;2024;mañana;226
16917;PAVON;Ciclovías mano doble;3;San Cristobal;90.89;2024;mañana;32
19502;RONDEAU;Ciclovías mano doble;5;Boedo;111.67;2024;mañana;0
15886;GRANADEROS;Ciclovías mano doble;7;Flores;138.49;2024;mañana;108
10721;GARCIA, JUAN AGUSTIN;Ciclovías mano doble;11;Villa Gral. Mitre;124.33;2024;mañana;29
14620;LINIERS VIRREY;Ciclovías mano doble;5;Almagro;121.14;2024;mañana;0
2209;SUPERI;Ciclovías mano doble;12;Coghlan;128.61;2024;mañana;245
10928;POTOSI;Ciclovías mano doble;5;Almagro;142.40;2024;mañana;118
14406;CALVO, CARLOS;Ciclovías mano doble;1;Constitucion;136.69;2024;mañana;122
11808;GARCIA, JUAN AGUSTIN;Ciclovías mano doble;11;Villa Santa Rita;54.89;2024;mañana;29
9193;ALVAREZ, JULIAN;Ciclovías mano doble;15;Villa Crespo;116.12;2024;mañana;86
5961;GORRITI;Ciclovías mano doble;14;Palermo;70.87;2024;mañana;110
21087;PATRON;Ciclovías mano doble;9;Liniers;103.69;2024;mañana;48
5086;ROSETI;Ciclovías mano doble;15;Villa Ortuzar;129.75;2024;mañana;67
7750;ARENALES;Ciclovías mano doble;1;Retiro;41.97;2024;mañana;82
662;MONROE;Ciclovías mano doble;13;Belgrano;128.59;2024;mañana;88
2077;PEDRAZA, MANUELA;Ciclovías mano doble;12;Villa Urquiza;14.31;2024;mañana;28
9647;TUCUMAN;Ciclovías mano doble;3;Balvanera;135.63;2024;mañana;125
15575;MORON;Ciclovías mano doble;7;Flores;131.42;2024;mañana;55
13323;RINCON;Ciclovías mano doble;3;Balvanera;82.15;2024;mañana;0
7479;MONTEVIDEO;Ciclovías mano doble;2;Recoleta;55.99;2024;mañana;165
2903;PEDRAZA, MANUELA;Ciclovías mano doble;12;Villa Urquiza;59.78;2024;mañana;28
1156;MONROE;Ciclovías mano doble;13;Belgrano;106.70;2024;mañana;88
826;PEDRAZA, MANUELA;Ciclovías mano doble;13;Nuñez;101.01;2024;mañana;28
8384;ALVEAR, MARCELO T. DE;Ciclovías mano doble;2;Recoleta;144.50;2024;mañana;73
13410;TACUARI;Ciclovías mano doble;1;Monserrat;131.70;2024;mañana;215
18815;DEAN FUNES;Ciclovías mano doble;4;Parque Patricios;131.29;2024;mañana;57
18280;BONIFACIO, JOSE;Ciclovías mano doble;7;Flores;131.57;2024;mañana;37
15109;CHIVILCOY;Ciclovías mano doble;10;Floresta;66.90;2024;mañana;70
32541;GRIVEO;Ciclovías mano doble;11;Villa Devoto;17.67;2024;mañana;33
15394;ESTADOS UNIDOS;Ciclovías mano doble;5;Boedo;110.27;2024;mañana;78
9582;HUMAHUACA;Ciclovías mano doble;5;Almagro;133.27;2024;mañana;202
20163;PRIMERA JUNTA;Ciclovías mano doble;7;Flores;57.95;2024;mañana;8
23917;POLA;Ciclovías mano doble;9;Mataderos;126.06;2024;mañana;39
5394;GODOY CRUZ;Ciclovías mano doble;14;Palermo;41.28;2024;mañana;86
7931;ECUADOR;Ciclovías mano doble;2;Recoleta;138.36;2024;mañana;86
16735;RIGLOS;Ciclovías mano doble;6;Caballito;141.70;2024;mañana;78
23565;PATRON;Ciclovías mano doble;9;Liniers;103.33;2024;mañana;48
4200;MARTINEZ, ENRIQUE, GRAL.;Ciclovías mano doble;13;Colegiales;113.42;2024;mañana;15
26929;UNANUE;Ciclovías mano única;8;Villa Lugano;106.01;2024;mañana;1
3413;LA PAMPA;Ciclovías mano doble;13;Belgrano;119.01;2024;mañana;245
282;CUBA;Ciclovías mano doble;13;Nuñez;91.82;2024;mañana;9
15300;DOBLAS;Ciclovías mano doble;6;Caballito;79.05;2024;mañana;59
15002;CHIVILCOY;Ciclovías mano doble;10;Floresta;69.84;2024;mañana;70
5327;AUSTRIA;Ciclovías mano doble;2;Recoleta;193.92;2024;mañana;0
13943;AZOPARDO;Ciclovías mano doble;1;San Telmo;141.23;2024;mañana;0
18814;RONDEAU;Ciclovías mano doble;4;Parque Patricios;152.77;2024;mañana;0
8143;ALVEAR, MARCELO T. DE;Ciclovías mano doble;1;Retiro;100.55;2024;mañana;73
14707;CALVO, CARLOS;Ciclovías mano doble;3;San Cristobal;91.47;2024;mañana;122
1823;11 DE SEPTIEMBRE DE 1888;Ciclovías mano doble;13;Belgrano;133.25;2024;mañana;20
2171;PEDRAZA, MANUELA;Ciclovías mano doble;12;Villa Urquiza;97.78;2024;mañana;28
19288;DOBLAS;Ciclovías mano doble;7;Parque Chacabuco;128.61;2024;mañana;59
2141;IBERA;Ciclovías mano doble;12;Coghlan;52.05;2024;mañana;102
2650;BLANCO ENCALADA;Ciclovías mano doble;13;Belgrano;27.77;2024;mañana;76
17697;15 DE NOVIEMBRE DE 1889;Ciclovías mano doble;4;Parque Patricios;9.15;2024;mañana;28
8414;SAN MARTIN;Ciclovías mano doble;1;Retiro;131.55;2024;mañana;89
14612;CALVO, CARLOS;Ciclovías mano doble;3;San Cristobal;120.21;2024;mañana;122
31665;PINO, VIRREY DEL;Ciclovías mano doble;13;Belgrano;62.59;2024;mañana;20
1465;SUPERI;Ciclovías mano doble;12;Saavedra;148.02;2024;mañana;245
14495;FRAY CAYETANO RODRIGUEZ;Ciclovías mano doble;7;Flores;117.82;2024;mañana;25
12333;DON BOSCO;Ciclovías mano doble;5;Almagro;101.45;2024;mañana;49
803;MILLER;Ciclovías mano doble;12;Saavedra;107.22;2024;mañana;47
19353;BONIFACIO, JOSE;Ciclovías mano doble;10;Floresta;96.57;2024;mañana;37
10209;SARMIENTO;Ciclovías mano doble;1;San Nicolas;126.82;2024;mañana;85
13532;FRAGATA PRES. SARMIENTO;Ciclovías mano doble;6;Caballito;128.72;2024;mañana;40
26607;UNANUE;Ciclovías mano única;8;Villa Lugano;149.69;2024;mañana;1
9505;TUCUMAN;Ciclovías mano doble;3;Balvanera;93.72;2024;mañana;125
5324;GODOY CRUZ;Ciclovías mano doble;14;Palermo;39.28;2024;mañana;86
7303;GRIVEO;Ciclovías mano doble;11;Villa Devoto;148.79;2024;mañana;33
10548;LAMAS, ANDRES;Ciclovías mano doble;11;Villa Gral. Mitre;133.21;2024;mañana;53
6598;MONTEVIDEO;Ciclovías mano doble;2;Recoleta;159.82;2024;mañana;165
8890;MONTEVIDEO;Ciclovías mano doble;2;Recoleta;106.87;2024;mañana;165
10536;TRES ARROYOS;Ciclovías mano doble;15;Villa Crespo;51.58;2024;mañana;145
2267;ECHEVERRIA;Ciclovías mano doble;13;Belgrano;67.81;2024;mañana;78
9839;HUMAHUACA;Ciclovías mano doble;5;Almagro;109.82;2024;mañana;202
12754;SASTRE, MARCOS;Ciclovías mano doble;10;Monte Castro;180.51;2024;mañana;45
22541;PATRON;Ciclovías mano doble;9;Liniers;95.97;2024;mañana;48
13831;MEXICO;Ciclovías mano doble;3;Balvanera;108.48;2024;mañana;130
14181;MEXICO;Ciclovías mano doble;3;Balvanera;156.76;2024;mañana;130
30120;CERETTI;Ciclovías mano doble;12;Villa Urquiza;68.78;2024;mañana;29
5222;ROSETI;Ciclovías mano doble;15;Chacarita;130.49;2024;mañana;67
10467;TRES ARROYOS;Ciclovías mano doble;15;Villa Crespo;112.71;2024;mañana;145
7633;JUNCAL;Ciclovías mano doble;2;Recoleta;128.18;2024;mañana;144
17816;BILBAO, FRANCISCO;Ciclovías mano doble;7;Parque Chacabuco;102.95;2024;mañana;3
11818;PASCO;Ciclovías mano doble;3;Balvanera;122.66;2024;mañana;153
29983;BOUCHARD;Ciclovías mano doble;1;San Nicolas;112.16;2024;mañana;45
15961;VALLE;Ciclovías mano doble;6;Caballito;72.97;2024;mañana;78
1736;AMENABAR;Ciclovías mano doble;13;Belgrano;101.59;2024;mañana;76
15669;RINCON;Ciclovías mano doble;3;San Cristobal;55.12;2024;mañana;0
3068;MILLER;Ciclovías mano doble;12;Villa Urquiza;129.91;2024;mañana;47
14310;MENDEZ DE ANDES;Ciclovías mano doble;7;Flores;86.23;2024;mañana;108
5162;CERETTI;Ciclovías mano doble;12;Villa Urquiza;142.26;2024;mañana;29
11564;GARCIA, JUAN AGUSTIN;Ciclovías mano doble;11;Villa Santa Rita;142.39;2024;mañana;29
2626;AMENABAR;Ciclovías mano doble;13;Belgrano;127.85;2024;mañana;76
11958;ALSINA, ADOLFO;Ciclovías mano única;1;Monserrat;121.88;2024;mañana;0
10492;MONTEVIDEO;Ciclovías mano doble;1;San Nicolas;136.53;2024;mañana;165
708;SUPERI;Ciclovías mano doble;12;Saavedra;100.18;2024;mañana;245
30491;CERETTI;Ciclovías mano doble;12;Villa Urquiza;7.07;2024;mañana;29
13645;RINCON;Ciclovías mano doble;3;Balvanera;133.31;2024;mañana;0
2861;PEDRAZA, MANUELA;Ciclovías mano doble;12;Villa Urquiza;60.03;2024;mañana;28
4640;GRIVEO;Ciclovías mano doble;12;Villa Pueyrredon;34.84;2024;mañana;33
13935;ESTADOS UNIDOS;Ciclovías mano doble;1;San Telmo;72.00;2024;mañana;78
16177;MORON;Ciclovías mano doble;10;Floresta;102.66;2024;mañana;55
8210;SUIPACHA;Ciclovías mano doble;1;Retiro;142.67;2024;mañana;214
18851;LAS CASAS;Ciclovías mano doble;5;Boedo;132.64;2024;mañana;0
6915;FRENCH;Ciclovías mano doble;2;Recoleta;59.55;2024;mañana;70
16945;BOLIVAR;Ciclovías mano doble;4;Barracas;95.47;2024;mañana;25
17737;USPALLATA;Ciclovías mano doble;4;Barracas;121.22;2024;mañana;0
27027;UNANUE;Ciclovías mano única;8;Villa Lugano;103.59;2024;mañana;1
579;MONROE;Ciclovías mano doble;13;Belgrano;106.86;2024;mañana;88
8276;PADILLA;Ciclovías mano doble;15;Villa Crespo;72.26;2024;mañana;130
3756;CERETTI;Ciclovías mano doble;12;Villa Urquiza;118.69;2024;mañana;29
8353;PADILLA;Ciclovías mano doble;15;Villa Crespo;56.16;2024;mañana;130
9340;URIBURU JOSE E., PRES.;Ciclovías mano doble;3;Balvanera;145.97;2024;mañana;106
20161;RODO, JOSE E.;Ciclovías mano doble;9;Parque Avellaneda;147.91;2024;mañana;13
13773;SASTRE, MARCOS;Ciclovías mano doble;10;Monte Castro;134.38;2024;mañana;45
8875;SANCHEZ DE THOMPSON, MARIQUITA;Ciclovías mano doble;1;Puerto Madero;112.91;2024;mañana;27
21881;RODO, JOSE E.;Ciclovías mano doble;9;Parque Avellaneda;69.24;2024;mañana;13
541;CUBA;Ciclovías mano doble;13;Nuñez;42.76;2024;mañana;9
28919;ALVEAR, MARCELO T. DE;Ciclovías mano doble;1;Retiro;39.79;2024;mañana;73
12302;VILLAFLOR, AZUCENA;Ciclovías mano doble;1;Puerto Madero;76.97;2024;mañana;0
31243;TACUARI;Ciclovías mano doble;1;Constitucion;8.91;2024;mañana;215
8152;PADILLA;Ciclovías mano doble;15;Villa Crespo;97.73;2024;mañana;130
7782;ARENALES;Ciclovías mano doble;1;Retiro;151.38;2024;mañana;82
7721;ACUÑA DE FIGUEROA, FRANCISCO;Ciclovías mano doble;14;Palermo;155.77;2024;mañana;74
13175;SASTRE, MARCOS;Ciclovías mano doble;10;Monte Castro;56.80;2024;mañana;45
15865;SASTRE, MARCOS;Ciclovías mano doble;10;Versalles;73.59;2024;mañana;45
11917;ALSINA, ADOLFO;Ciclovías mano única;1;Monserrat;133.53;2024;mañana;0
1160;MONROE;Ciclovías mano doble;13;Belgrano;6.42;2024;mañana;88
1531;BLANCO ENCALADA;Ciclovías mano doble;13;Belgrano;38.71;2024;mañana;76
1663;AMENABAR;Ciclovías mano doble;13;Belgrano;103.39;2024;mañana;76
3840;SUPERI;Ciclovías mano doble;13;Colegiales;118.53;2024;mañana;245
9874;MONTEVIDEO;Ciclovías mano doble;1;San Nicolas;134.58;2024;mañana;165
2518;SUPERI;Ciclovías mano doble;13;Belgrano;101.98;2024;mañana;245
15160;ESTADOS UNIDOS;Ciclovías mano doble;5;Boedo;115.18;2024;mañana;78
2843;CERETTI;Ciclovías mano doble;12;Villa Urquiza;169.27;2024;mañana;29
7208;FRENCH;Ciclovías mano doble;2;Recoleta;126.56;2024;mañana;70
3947;SUPERI;Ciclovías mano doble;13;Colegiales;94.07;2024;mañana;245
16889;CEVALLOS, VIRREY;Ciclovías mano doble;1;Constitucion;186.56;2024;mañana;172
16136;PAVON;Ciclovías mano doble;1;Constitucion;133.65;2024;mañana;32
7457;ACUÑA DE FIGUEROA, FRANCISCO;Ciclovías mano doble;14;Palermo;134.92;2024;mañana;74
1080;MONROE;Ciclovías mano doble;13;Belgrano;125.93;2024;mañana;88
11697;BOLIVAR;Ciclovías mano doble;1;Monserrat;128.28;2024;mañana;25
19962;BALBASTRO;Ciclovías mano doble;7;Parque Chacabuco;5.40;2024;mañana;9
11841;IRIGOYEN, BERNARDO DE;Ciclovías mano doble;1;Monserrat;124.97;2024;mañana;84
7691;ECUADOR;Ciclovías mano doble;2;Recoleta;139.75;2024;mañana;86
5337;GRIVEO;Ciclovías mano doble;12;Villa Pueyrredon;130.04;2024;mañana;33
8007;GORRITI;Ciclovías mano doble;2;Recoleta;111.70;2024;mañana;110
8531;ALVAREZ, JULIAN;Ciclovías mano doble;15;Villa Crespo;125.12;2024;mañana;86
11193;URIBURU JOSE E., PRES.;Ciclovías mano doble;3;Balvanera;125.79;2024;mañana;106
17483;TACUARI;Ciclovías mano doble;4;Barracas;101.25;2024;mañana;215
29997;MILLER;Ciclovías mano doble;12;Villa Urquiza;11.14;2024;mañana;47
23730;PATRON;Ciclovías mano doble;9;Liniers;103.19;2024;mañana;48
3711;SUPERI;Ciclovías mano doble;13;Colegiales;105.70;2024;mañana;245
12274;ALSINA, ADOLFO;Ciclovías mano doble;3;Balvanera;155.54;2024;mañana;0
14693;DIAZ, CESAR, GRAL.;Ciclovías mano doble;10;Floresta;130.74;2024;mañana;48
7508;JUNCAL;Ciclovías mano doble;2;Recoleta;124.20;2024;mañana;144
9637;TUCUMAN;Ciclovías mano doble;3;Balvanera;136.19;2024;mañana;125
14327;LINIERS VIRREY;Ciclovías mano doble;5;Almagro;158.80;2024;mañana;0
15032;ESTADOS UNIDOS;Ciclovías mano doble;5;Boedo;117.81;2024;mañana;78
10639;SUIPACHA;Ciclovías mano doble;1;San Nicolas;122.32;2024;mañana;214
14712;SANTIAGO DEL ESTERO;Ciclovías mano doble;1;Constitucion;138.13;2024;mañana;31
5471;LA PAMPA;Ciclovías mano doble;12;Villa Urquiza;120.23;2024;mañana;245
1467;MILLER;Ciclovías mano doble;12;Saavedra;30.28;2024;mañana;47
10239;SAN MARTIN;Ciclovías mano doble;1;San Nicolas;136.82;2024;mañana;89
2624;MILLER;Ciclovías mano doble;12;Villa Urquiza;132.95;2024;mañana;47
7501;ALVAREZ, JULIAN;Ciclovías mano doble;14;Palermo;115.94;2024;mañana;86
17988;15 DE NOVIEMBRE DE 1889;Ciclovías mano doble;4;Parque Patricios;93.42;2024;mañana;28
9713;HUMAHUACA;Ciclovías mano doble;5;Almagro;129.05;2024;mañana;202
16146;PAVON;Ciclovías mano doble;1;Constitucion;101.01;2024;mañana;32
3984;CERETTI;Ciclovías mano doble;12;Villa Urquiza;99.85;2024;mañana;29
16382;TREINTA Y TRES ORIENTALES;Ciclovías mano doble;5;Boedo;76.48;2024;mañana;52
3645;SUPERI;Ciclovías mano doble;13;Belgrano;224.45;2024;mañana;245
995;MONROE;Ciclovías mano doble;13;Belgrano;124.92;2024;mañana;88
13717;CHILE;Ciclovías mano doble;3;Balvanera;132.67;2024;mañana;88
15624;SASTRE, MARCOS;Ciclovías mano doble;10;Monte Castro;53.95;2024;mañana;45
13450;CHILE;Ciclovías mano doble;1;Monserrat;137.47;2024;mañana;88
16059;GRANADEROS;Ciclovías mano doble;7;Flores;140.06;2024;mañana;108
9391;HUMAHUACA;Ciclovías mano doble;5;Almagro;134.78;2024;mañana;202
12276;VALLESE, FELIPE;Ciclovías mano doble;6;Caballito;102.02;2024;mañana;39
19335;TREINTA Y TRES ORIENTALES;Ciclovías mano doble;5;Boedo;106.89;2024;mañana;52
11515;CHIVILCOY;Ciclovías mano doble;11;Villa Devoto;101.72;2024;mañana;70
17399;RIGLOS;Ciclovías mano doble;7;Parque Chacabuco;121.06;2024;mañana;78
16260;LINIERS VIRREY;Ciclovías mano doble;5;Boedo;169.64;2024;mañana;0
16320;TACUARI;Ciclovías mano doble;1;Constitucion;146.81;2024;mañana;215
15614;VALLE;Ciclovías mano doble;6;Caballito;123.10;2024;mañana;78
18936;LINIERS VIRREY;Ciclovías mano doble;5;Boedo;91.46;2024;mañana;0
3725;LUGONES;Ciclovías mano doble;12;Villa Urquiza;121.33;2024;mañana;76
8330;ALVEAR, MARCELO T. DE;Ciclovías mano doble;1;Retiro;129.99;2024;mañana;73
1651;IBERA;Ciclovías mano doble;13;Nuñez;108.93;2024;mañana;102
16247;MORON;Ciclovías mano doble;10;Floresta;102.24;2024;mañana;55
1928;SUPERI;Ciclovías mano doble;12;Coghlan;121.01;2024;mañana;245
2426;SUPERI;Ciclovías mano doble;12;Coghlan;139.40;2024;mañana;245
18002;DOBLAS;Ciclovías mano doble;7;Parque Chacabuco;140.07;2024;mañana;59
8222;ALVAREZ, JULIAN;Ciclovías mano doble;15;Villa Crespo;195.26;2024;mañana;86
2878;BLANCO ENCALADA;Ciclovías mano doble;12;Villa Urquiza;103.12;2024;mañana;76
11368;TRES ARROYOS;Ciclovías mano doble;6;Caballito;70.37;2024;mañana;145
19080;USPALLATA;Ciclovías mano doble;4;Barracas;70.89;2024;mañana;0
11491;BILLINGHURST;Ciclovías mano doble;5;Almagro;103.35;2024;mañana;0
5204;GRIVEO;Ciclovías mano doble;12;Villa Pueyrredon;129.53;2024;mañana;33
3163;MILLER;Ciclovías mano doble;12;Villa Urquiza;94.71;2024;mañana;47
2310;SUPERI;Ciclovías mano doble;12;Coghlan;112.89;2024;mañana;245
19039;USPALLATA;Ciclovías mano doble;4;Barracas;90.47;2024;mañana;0
9677;TRES ARROYOS;Ciclovías mano doble;15;Villa Crespo;113.49;2024;mañana;145
15889;VALLE;Ciclovías mano doble;6;Caballito;71.63;2024;mañana;78
19923;TREINTA Y TRES ORIENTALES;Ciclovías mano doble;5;Boedo;117.90;2024;mañana;52
12182;FRAGATA PRES. SARMIENTO;Ciclovías mano doble;6;Caballito;149.96;2024;mañana;40
1632;SUPERI;Ciclovías mano doble;12;Coghlan;87.19;2024;mañana;245
6059;NUEVA YORK;Ciclovías mano doble;15;Agronomia;83.82;2024;mañana;5
4653;GODOY CRUZ;Ciclovías mano doble;14;Palermo;146.43;2024;mañana;86
15110;ESTADOS UNIDOS;Ciclovías mano doble;5;Boedo;145.41;2024;mañana;78
3215;CERETTI;Ciclovías mano doble;12;Villa Urquiza;128.56;2024;mañana;29
12162;LINIERS VIRREY;Ciclovías mano doble;5;Almagro;123.95;2024;mañana;0
14093;SASTRE, MARCOS;Ciclovías mano doble;10;Monte Castro;89.23;2024;mañana;45
10032;SUIPACHA;Ciclovías mano doble;1;San Nicolas;124.73;2024;mañana;214
1322;CUBA;Ciclovías mano doble;13;Nuñez;142.90;2024;mañana;9
8923;BILLINGHURST;Ciclovías mano doble;5;Almagro;16.88;2024;mañana;0
14874;CHIVILCOY;Ciclovías mano doble;10;Floresta;135.72;2024;mañana;70
13753;TACUARI;Ciclovías mano doble;1;Monserrat;132.07;2024;mañana;215
17908;CEVALLOS, VIRREY;Ciclovías mano doble;1;Constitucion;127.78;2024;mañana;172
14087;ROSARIO;Ciclovías mano doble;6;Caballito;22.02;2024;mañana;59
26992;UNANUE;Ciclovías mano única;8;Villa Lugano;103.31;2024;mañana;1
7207;AZCUENAGA;Ciclovías mano doble;2;Recoleta;120.71;2024;mañana;116
14474;DIAZ, CESAR, GRAL.;Ciclovías mano doble;11;Villa Santa Rita;96.70;2024;mañana;48
13862;TREINTA Y TRES ORIENTALES;Ciclovías mano doble;5;Almagro;111.88;2024;mañana;52
13505;CHILE;Ciclovías mano doble;1;Monserrat;136.84;2024;mañana;88
12063;ALSINA, ADOLFO;Ciclovías mano doble;1;Monserrat;131.78;2024;mañana;0
9598;TUCUMAN;Ciclovías mano doble;3;Balvanera;138.75;2024;mañana;125
13748;CHILE;Ciclovías mano doble;3;Balvanera;98.53;2024;mañana;88
8969;PADILLA;Ciclovías mano doble;15;Villa Crespo;129.97;2024;mañana;130
20553;PEDERNERA;Ciclovías mano doble;7;Flores;176.09;2024;mañana;8
12026;CHIVILCOY;Ciclovías mano doble;10;Monte Castro;131.35;2024;mañana;70
22240;POLA;Ciclovías mano doble;9;Mataderos;67.09;2024;mañana;39
5559;GORRITI;Ciclovías mano doble;14;Palermo;128.91;2024;mañana;110
9499;TUCUMAN;Ciclovías mano doble;1;San Nicolas;122.92;2024;mañana;125
3444;MOLDES;Ciclovías mano doble;13;Colegiales;79.35;2024;mañana;43
14987;FRAY CAYETANO RODRIGUEZ;Ciclovías mano doble;7;Flores;120.12;2024;mañana;25
6731;ALVAREZ, JULIAN;Ciclovías mano doble;14;Palermo;55.12;2024;mañana;86
21884;POLA;Ciclovías mano doble;9;Liniers;73.50;2024;mañana;39
13392;CHILE;Ciclovías mano única;1;Monserrat;133.16;2024;mañana;88
30096;ALSINA, ADOLFO;Ciclovías mano única;1;Monserrat;40.97;2024;mañana;0
15507;VALLE;Ciclovías mano doble;6;Caballito;141.72;2024;mañana;78
2521;PEDRAZA, MANUELA;Ciclovías mano doble;12;Villa Urquiza;143.50;2024;mañana;28
15939;BOLIVAR;Ciclovías mano doble;1;San Telmo;128.23;2024;mañana;25
9723;SUIPACHA;Ciclovías mano doble;1;San Nicolas;130.32;2024;mañana;214
12361;ALSINA, ADOLFO;Ciclovías mano doble;3;Balvanera;162.92;2024;mañana;0
15937;RINCON;Ciclovías mano doble;3;San Cristobal;106.99;2024;mañana;0
8269;ALVEAR, MARCELO T. DE;Ciclovías mano doble;1;Retiro;38.34;2024;mañana;73
11531;IRIGOYEN, BERNARDO DE;Ciclovías mano doble;1;Monserrat;66.89;2024;mañana;84
9517;BILLINGHURST;Ciclovías mano doble;5;Almagro;111.43;2024;mañana;0
5080;GRIVEO;Ciclovías mano doble;12;Villa Pueyrredon;129.69;2024;mañana;33
16366;RIGLOS;Ciclovías mano doble;6;Caballito;57.48;2024;mañana;78
11078;MONTEVIDEO;Ciclovías mano doble;1;San Nicolas;131.61;2024;mañana;165
2668;11 DE SEPTIEMBRE DE 1888;Ciclovías mano doble;14;Palermo;126.26;2024;mañana;20
14366;CALVO, CARLOS;Ciclovías mano doble;1;Constitucion;37.09;2024;mañana;122
14842;TREINTA Y TRES ORIENTALES;Ciclovías mano doble;5;Almagro;132.90;2024;mañana;52
616;SUPERI;Ciclovías mano doble;12;Saavedra;50.39;2024;mañana;245
23966;RODO, JOSE E.;Ciclovías mano doble;9;Mataderos;62.27;2024;mañana;13
15699;MORON;Ciclovías mano doble;7;Flores;158.79;2024;mañana;55
16786;GONZALEZ, ELPIDIO;Ciclovías mano doble;10;Villa Luro;120.94;2024;mañana;27
12161;DON BOSCO;Ciclovías mano doble;5;Almagro;126.40;2024;mañana;49
722;FREIRE, RAMON, CAP. GRAL.;Ciclovías mano doble;12;Saavedra;156.19;2024;mañana;102
14588;RINCON;Ciclovías mano doble;3;San Cristobal;118.72;2024;tarde;0
7180;NUEVA YORK;Ciclovías mano doble;15;Agronomia;129.98;2024;tarde;24
15268;ESTADOS UNIDOS;Ciclovías mano doble;5;Boedo;71.00;2024;tarde;156
17386;ESTRADA;Ciclovías mano doble;7;Parque Chacabuco;132.34;2024;tarde;19
14804;CEVALLOS, VIRREY;Ciclovías mano doble;1;Constitucion;148.33;2024;tarde;275
14229;FRAY CAYETANO RODRIGUEZ;Ciclovías mano doble;7;Flores;126.83;2024;tarde;45
14153;GONZALEZ, ELPIDIO;Ciclovías mano doble;10;Monte Castro;113.14;2024;tarde;100
17058;BOLIVAR;Ciclovías mano doble;4;Barracas;18.81;2024;tarde;27
6841;FRENCH;Ciclovías mano doble;2;Recoleta;113.17;2024;tarde;88
7825;ARENALES;Ciclovías mano doble;2;Recoleta;117.05;2024;tarde;130
5268;GODOY CRUZ;Ciclovías mano doble;14;Palermo;139.77;2024;tarde;98
9556;TUCUMAN;Ciclovías mano doble;1;San Nicolas;36.99;2024;tarde;225
19214;RONDEAU;Ciclovías mano doble;4;Parque Patricios;168.77;2024;tarde;0
5105;ROSETI;Ciclovías mano doble;15;Chacarita;98.50;2024;tarde;80
31866;GODOY CRUZ;Ciclovías mano doble;14;Palermo;72.65;2024;tarde;98
10575;GARCIA, JUAN AGUSTIN;Ciclovías mano doble;11;Villa Gral. Mitre;124.24;2024;tarde;59
16708;MORON;Ciclovías mano doble;10;Floresta;117.52;2024;tarde;67
14513;CALVO, CARLOS;Ciclovías mano doble;3;San Cristobal;153.29;2024;tarde;122
20423;PRIMERA JUNTA;Ciclovías mano doble;7;Flores;72.93;2024;tarde;39
19293;PICHEUTA;Ciclovías mano doble;7;Parque Chacabuco;101.53;2024;tarde;53
11121;BOLIVAR;Ciclovías mano doble;1;Monserrat;10.77;2024;tarde;27
18587;LAS CASAS;Ciclovías mano doble;5;Boedo;139.75;2024;tarde;0
3865;CERETTI;Ciclovías mano doble;12;Villa Urquiza;99.83;2024;tarde;61
12809;VALLESE, FELIPE;Ciclovías mano doble;6;Caballito;114.52;2024;tarde;100
14079;DOBLAS;Ciclovías mano doble;6;Caballito;123.76;2024;tarde;96
15887;CONSTITUCION;Ciclovías mano doble;1;Constitucion;154.75;2024;tarde;0
14208;CHIVILCOY;Ciclovías mano doble;10;Floresta;67.69;2024;tarde;118
11858;GARCIA, JUAN AGUSTIN;Ciclovías mano doble;11;Villa Santa Rita;27.33;2024;tarde;59
17214;HUGO, VICTOR;Ciclovías mano doble;10;Villa Luro;125.54;2024;tarde;31
8149;ALVEAR, MARCELO T. DE;Ciclovías mano doble;1;Retiro;63.74;2024;tarde;49
13166;CEVALLOS, VIRREY;Ciclovías mano doble;1;Monserrat;97.07;2024;tarde;275
2227;PEDRAZA, MANUELA;Ciclovías mano doble;12;Villa Urquiza;102.25;2024;tarde;44
12472;DIAZ, CESAR, GRAL.;Ciclovías mano doble;11;Villa Gral. Mitre;134.76;2024;tarde;96
18338;HUGO, VICTOR;Ciclovías mano doble;10;Villa Luro;118.95;2024;tarde;31
11860;ALSINA, ADOLFO;Ciclovías mano única;1;Monserrat;37.35;2024;tarde;0
6668;GRIVEO;Ciclovías mano doble;11;Villa Devoto;89.32;2024;tarde;55
9383;PADILLA;Ciclovías mano doble;15;Villa Crespo;97.64;2024;tarde;86
14966;CALVO, CARLOS;Ciclovías mano doble;3;San Cristobal;113.78;2024;tarde;122
15272;BOLIVAR;Ciclovías mano doble;1;San Telmo;138.59;2024;tarde;27
5905;ROSETI;Ciclovías mano doble;15;Chacarita;105.39;2024;tarde;80
4704;LA PAMPA;Ciclovías mano doble;12;Villa Urquiza;33.61;2024;tarde;315
21292;RODO, JOSE E.;Ciclovías mano doble;9;Parque Avellaneda;92.18;2024;tarde;28
6738;GORRITI;Ciclovías mano doble;14;Palermo;113.53;2024;tarde;235
20669;RODO, JOSE E.;Ciclovías mano doble;9;Parque Avellaneda;265.21;2024;tarde;28
2916;ECHEVERRIA;Ciclovías mano doble;13;Belgrano;125.58;2024;tarde;193
5821;GRIVEO;Ciclovías mano doble;12;Villa Pueyrredon;73.01;2024;tarde;55
7129;GRIVEO;Ciclovías mano doble;11;Villa Devoto;51.85;2024;tarde;55
14689;CALVO, CARLOS;Ciclovías mano doble;3;San Cristobal;87.00;2024;tarde;122
19643;USPALLATA;Ciclovías mano doble;4;Parque Patricios;156.00;2024;tarde;0
16861;LINIERS VIRREY;Ciclovías mano doble;5;Boedo;117.01;2024;tarde;0
17994;USPALLATA;Ciclovías mano doble;4;Barracas;134.63;2024;tarde;0
7167;SUIPACHA;Ciclovías mano doble;1;Retiro;165.90;2024;tarde;132
23251;RODO, JOSE E.;Ciclovías mano doble;9;Mataderos;59.53;2024;tarde;28
16624;TACUARI;Ciclovías mano doble;1;Constitucion;125.23;2024;tarde;222
14030;MENDEZ DE ANDES;Ciclovías mano doble;6;Caballito;106.78;2024;tarde;85
13347;GARCIA, JUAN AGUSTIN;Ciclovías mano doble;11;Villa Santa Rita;98.20;2024;tarde;59
16780;MORON;Ciclovías mano doble;10;Floresta;83.19;2024;tarde;67
5663;ALVAREZ, JULIAN;Ciclovías mano doble;14;Palermo;126.54;2024;tarde;173
7249;MONTEVIDEO;Ciclovías mano doble;2;Recoleta;135.48;2024;tarde;226
2040;TRONADOR;Ciclovías mano doble;12;Coghlan;57.93;2024;tarde;24
28003;RODO, JOSE E.;Ciclovías mano doble;9;Parque Avellaneda;25.19;2024;tarde;28
4763;GUATEMALA;Ciclovías mano doble;14;Palermo;129.61;2024;tarde;98
20999;HORNOS, GRAL.;Ciclovías mano doble;4;Barracas;67.36;2024;tarde;56
9349;OROÑO, NICASIO;Ciclovías mano doble;15;Paternal;118.42;2024;tarde;16
8362;ALVEAR, MARCELO T. DE;Ciclovías mano doble;2;Recoleta;143.15;2024;tarde;49
14453;CEVALLOS, VIRREY;Ciclovías mano doble;1;Constitucion;131.09;2024;tarde;275
11654;CEVALLOS, VIRREY;Ciclovías mano doble;1;Monserrat;111.58;2024;tarde;275
23113;POLA;Ciclovías mano doble;9;Mataderos;137.27;2024;tarde;70
14778;GONZALEZ, ELPIDIO;Ciclovías mano doble;10;Monte Castro;110.72;2024;tarde;100
21557;PEDERNERA;Ciclovías mano doble;7;Flores;120.95;2024;tarde;39
18971;USPALLATA;Ciclovías mano doble;4;Barracas;109.55;2024;tarde;0
3525;LA PAMPA;Ciclovías mano doble;13;Belgrano;27.57;2024;tarde;315
14829;CALVO, CARLOS;Ciclovías mano doble;3;San Cristobal;159.23;2024;tarde;122
2132;ECHEVERRIA;Ciclovías mano doble;13;Belgrano;102.33;2024;tarde;193
9014;TUCUMAN;Ciclovías mano doble;5;Almagro;117.30;2024;tarde;225
12112;TRES ARROYOS;Ciclovías mano doble;11;Villa Gral. Mitre;72.68;2024;tarde;242
16907;BONIFACIO, JOSE;Ciclovías mano doble;6;Caballito;76.06;2024;tarde;97
827;CUBA;Ciclovías mano doble;13;Nuñez;100.95;2024;tarde;37
13439;CHILE;Ciclovías mano doble;1;Monserrat;40.07;2024;tarde;84
2290;AMENABAR;Ciclovías mano doble;13;Belgrano;129.00;2024;tarde;227
16130;DOBLAS;Ciclovías mano doble;6;Caballito;81.08;2024;tarde;96
3505;LA PAMPA;Ciclovías mano doble;13;Belgrano;125.42;2024;tarde;315
18099;15 DE NOVIEMBRE DE 1889;Ciclovías mano doble;4;Parque Patricios;118.63;2024;tarde;60
6259;HUMBOLDT;Ciclovías mano doble;14;Palermo;153.91;2024;tarde;185
14732;CALVO, CARLOS;Ciclovías mano doble;3;San Cristobal;95.45;2024;tarde;122
18254;ESTRADA;Ciclovías mano doble;7;Parque Chacabuco;54.49;2024;tarde;19
16534;MORON;Ciclovías mano doble;10;Floresta;120.39;2024;tarde;67
9605;TUCUMAN;Ciclovías mano doble;3;Balvanera;118.81;2024;tarde;225
17767;TREINTA Y TRES ORIENTALES;Ciclovías mano doble;5;Boedo;122.47;2024;tarde;106
15216;CALVO, CARLOS;Ciclovías mano doble;3;San Cristobal;136.89;2024;tarde;122
14326;MEXICO;Ciclovías mano doble;5;Almagro;122.63;2024;tarde;93
21738;PRIMERA JUNTA;Ciclovías mano doble;9;Parque Avellaneda;123.77;2024;tarde;39
6705;FRENCH;Ciclovías mano doble;2;Recoleta;128.39;2024;tarde;88
13776;DOBLAS;Ciclovías mano doble;6;Caballito;140.99;2024;tarde;96
12572;CHIVILCOY;Ciclovías mano doble;10;Monte Castro;118.90;2024;tarde;118
19972;PEDERNERA;Ciclovías mano doble;7;Flores;73.11;2024;tarde;39
5384;GORRITI;Ciclovías mano doble;14;Palermo;129.55;2024;tarde;235
8324;URIBURU JOSE E., PRES.;Ciclovías mano doble;2;Recoleta;186.84;2024;tarde;148
14640;CALVO, CARLOS;Ciclovías mano doble;3;San Cristobal;127.36;2024;tarde;122
1237;QUESADA;Ciclovías mano doble;13;Nuñez;66.33;2024;tarde;24
13091;RINCON;Ciclovías mano doble;3;Balvanera;124.19;2024;tarde;0
12448;TACUARI;Ciclovías mano doble;1;Monserrat;134.04;2024;tarde;222
4768;LA PAMPA;Ciclovías mano doble;12;Villa Urquiza;72.33;2024;tarde;315
5814;ROSETI;Ciclovías mano doble;15;Chacarita;109.71;2024;tarde;80
17533;ESTRADA;Ciclovías mano doble;7;Parque Chacabuco;64.60;2024;tarde;19
2726;AMENABAR;Ciclovías mano doble;13;Belgrano;110.27;2024;tarde;227
2321;11 DE SEPTIEMBRE DE 1888;Ciclovías mano doble;13;Belgrano;126.59;2024;tarde;29
17089;BRASIL;Ciclovías mano doble;4;Parque Patricios;75.75;2024;tarde;93
30232;BLANCO ENCALADA;Ciclovías mano doble;13;Belgrano;42.22;2024;tarde;142
5639;GRIVEO;Ciclovías mano doble;12;Villa Pueyrredon;128.75;2024;tarde;55
416;SUPERI;Ciclovías mano doble;12;Saavedra;100.38;2024;tarde;315
8295;ALVEAR, MARCELO T. DE;Ciclovías mano doble;1;Retiro;139.05;2024;tarde;49
10333;SARMIENTO;Ciclovías mano doble;1;San Nicolas;126.72;2024;tarde;101
2530;ECHEVERRIA;Ciclovías mano doble;13;Belgrano;100.61;2024;tarde;193
1972;ECHEVERRIA;Ciclovías mano doble;13;Belgrano;103.15;2024;tarde;193
7515;ECUADOR;Ciclovías mano doble;2;Recoleta;93.22;2024;tarde;120
12797;LINIERS VIRREY;Ciclovías mano doble;5;Almagro;139.08;2024;tarde;0
12779;GARCIA, JUAN AGUSTIN;Ciclovías mano doble;11;Villa Santa Rita;67.52;2024;tarde;59
13574;CHILE;Ciclovías mano doble;3;Balvanera;139.36;2024;tarde;84
7810;ARENALES;Ciclovías mano doble;1;Retiro;84.71;2024;tarde;130
14384;CALVO, CARLOS;Ciclovías mano doble;1;Constitucion;125.53;2024;tarde;122
3202;MILLER;Ciclovías mano doble;12;Villa Urquiza;25.37;2024;tarde;67
17436;HUGO, VICTOR;Ciclovías mano doble;10;Villa Luro;124.96;2024;tarde;31
5072;ROSETI;Ciclovías mano doble;15;Villa Ortuzar;130.74;2024;tarde;80
11182;SUIPACHA;Ciclovías mano doble;1;San Nicolas;126.69;2024;tarde;132
11907;TRES ARROYOS;Ciclovías mano doble;11;Villa Gral. Mitre;170.10;2024;tarde;242
15090;FRAY CAYETANO RODRIGUEZ;Ciclovías mano doble;7;Flores;50.93;2024;tarde;45
13589;MEXICO;Ciclovías mano doble;3;Balvanera;137.28;2024;tarde;93
9648;URIBURU JOSE E., PRES.;Ciclovías mano doble;3;Balvanera;125.88;2024;tarde;148
17672;BILBAO, FRANCISCO;Ciclovías mano doble;7;Parque Chacabuco;97.97;2024;tarde;11
20687;BALBASTRO;Ciclovías mano doble;7;Flores;116.85;2024;tarde;15
724;CUBA;Ciclovías mano doble;13;Nuñez;100.56;2024;tarde;37
11088;ECUADOR;Ciclovías mano doble;3;Balvanera;141.37;2024;tarde;120
10157;TRES ARROYOS;Ciclovías mano doble;15;Villa Crespo;113.09;2024;tarde;242
15996;TACUARI;Ciclovías mano doble;1;Constitucion;232.63;2024;tarde;222
7711;ARENALES;Ciclovías mano doble;1;Retiro;137.33;2024;tarde;130
2142;TRONADOR;Ciclovías mano doble;12;Coghlan;132.34;2024;tarde;24
28079;SAN MARTIN;Ciclovías mano doble;1;Retiro;80.22;2024;tarde;57
17575;BILBAO, FRANCISCO;Ciclovías mano doble;7;Parque Chacabuco;104.06;2024;tarde;11
10937;BULNES;Ciclovías mano doble;5;Almagro;56.46;2024;tarde;0
10171;MONTEVIDEO;Ciclovías mano doble;1;San Nicolas;134.08;2024;tarde;226
9358;HUMAHUACA;Ciclovías mano doble;5;Almagro;144.55;2024;tarde;245
17119;TREINTA Y TRES ORIENTALES;Ciclovías mano doble;5;Boedo;92.56;2024;tarde;106
13277;TREINTA Y TRES ORIENTALES;Ciclovías mano doble;5;Almagro;118.31;2024;tarde;106
17984;ESTRADA;Ciclovías mano doble;7;Parque Chacabuco;27.28;2024;tarde;19
23723;POLA;Ciclovías mano doble;9;Mataderos;27.10;2024;tarde;70
9432;HUMAHUACA;Ciclovías mano doble;5;Almagro;135.10;2024;tarde;245
15908;VALLE;Ciclovías mano doble;6;Caballito;117.01;2024;tarde;106
6707;NUEVA YORK;Ciclovías mano doble;15;Agronomia;65.21;2024;tarde;24
12553;DON BOSCO;Ciclovías mano doble;5;Almagro;126.59;2024;tarde;70
15353;ESTADOS UNIDOS;Ciclovías mano doble;5;Boedo;133.58;2024;tarde;156
17779;LINIERS VIRREY;Ciclovías mano doble;5;Boedo;77.79;2024;tarde;0
7359;NUEVA YORK;Ciclovías mano doble;15;Agronomia;147.06;2024;tarde;24
6746;GRIVEO;Ciclovías mano doble;11;Villa Devoto;64.63;2024;tarde;55
3438;BLANCO ENCALADA;Ciclovías mano doble;12;Villa Urquiza;104.60;2024;tarde;142
1810;MILLER;Ciclovías mano doble;12;Saavedra;97.53;2024;tarde;67
17495;ESTRADA;Ciclovías mano doble;7;Parque Chacabuco;133.97;2024;tarde;19
9933;HUMAHUACA;Ciclovías mano doble;5;Almagro;128.11;2024;tarde;245
11810;FRAGATA PRES. SARMIENTO;Ciclovías mano doble;6;Caballito;125.94;2024;tarde;105
15501;SASTRE, MARCOS;Ciclovías mano doble;10;Monte Castro;52.54;2024;tarde;60
4905;LA PAMPA;Ciclovías mano doble;12;Villa Urquiza;114.05;2024;tarde;315
23273;PATRON;Ciclovías mano doble;9;Liniers;107.26;2024;tarde;43
8696;SAN MARTIN;Ciclovías mano doble;1;Retiro;78.02;2024;tarde;57
12584;AZOPARDO;Ciclovías mano doble;1;Monserrat;137.59;2024;tarde;0
2460;ECHEVERRIA;Ciclovías mano doble;13;Belgrano;100.28;2024;tarde;193
7607;ALVAREZ, JULIAN;Ciclovías mano doble;14;Palermo;109.26;2024;tarde;173
14900;GRANADEROS;Ciclovías mano doble;7;Flores;101.01;2024;tarde;85
30117;CERETTI;Ciclovías mano doble;12;Villa Urquiza;40.02;2024;tarde;61
2950;AMENABAR;Ciclovías mano doble;13;Colegiales;168.54;2024;tarde;227
12496;DON BOSCO;Ciclovías mano doble;5;Almagro;142.09;2024;tarde;70
15649;FALCON, RAMON L.,CNEL.;Ciclovías mano doble;6;Caballito;50.12;2024;tarde;64
15315;FRAGATA PRES. SARMIENTO;Ciclovías mano doble;6;Caballito;139.83;2024;tarde;105
13206;FRAGATA PRES. SARMIENTO;Ciclovías mano doble;6;Caballito;120.00;2024;tarde;105
9474;TUCUMAN;Ciclovías mano doble;3;Balvanera;94.23;2024;tarde;225
18035;ESTRADA;Ciclovías mano doble;7;Parque Chacabuco;30.88;2024;tarde;19
15561;GRANADEROS;Ciclovías mano doble;7;Flores;131.28;2024;tarde;85
17091;PAVON;Ciclovías mano doble;5;Boedo;51.78;2024;tarde;36
8122;ALVEAR, MARCELO T. DE;Ciclovías mano doble;1;Retiro;62.10;2024;tarde;49
5146;LA PAMPA;Ciclovías mano doble;12;Villa Urquiza;110.66;2024;tarde;315
4579;MARTINEZ, ENRIQUE, GRAL.;Ciclovías mano doble;13;Colegiales;92.99;2024;tarde;11
20297;PRIMERA JUNTA;Ciclovías mano doble;7;Flores;73.30;2024;tarde;39
18756;LAS CASAS;Ciclovías mano doble;5;Boedo;94.68;2024;tarde;0
15081;MORON;Ciclovías mano doble;7;Flores;106.35;2024;tarde;67
16939;BRASIL;Ciclovías mano doble;1;Constitucion;112.28;2024;tarde;93
1034;AMENABAR;Ciclovías mano doble;13;Nuñez;105.30;2024;tarde;227
17635;HUGO, VICTOR;Ciclovías mano doble;10;Villa Luro;116.99;2024;tarde;31
11955;MISIONES;Ciclovías mano doble;3;Balvanera;126.35;2024;tarde;0
32393;AZOPARDO;Ciclovías mano doble;1;Monserrat;242.14;2024;tarde;0
18612;RONDEAU;Ciclovías mano doble;4;Parque Patricios;133.77;2024;tarde;0
14557;GONZALEZ, ELPIDIO;Ciclovías mano doble;10;Monte Castro;127.15;2024;tarde;100
2103;11 DE SEPTIEMBRE DE 1888;Ciclovías mano doble;13;Belgrano;128.60;2024;tarde;29
8522;SAN MARTIN;Ciclovías mano doble;1;Retiro;54.94;2024;tarde;57
3078;PEDRAZA, MANUELA;Ciclovías mano doble;12;Villa Urquiza;52.99;2024;tarde;44
15651;VALLE;Ciclovías mano doble;6;Caballito;125.99;2024;tarde;106
1726;MILLER;Ciclovías mano doble;12;Saavedra;97.66;2024;tarde;67
9652;TUCUMAN;Ciclovías mano doble;3;Balvanera;129.33;2024;tarde;225
7608;GORRITI;Ciclovías mano doble;14;Palermo;113.41;2024;tarde;235
18211;USPALLATA;Ciclovías mano doble;4;Barracas;153.12;2024;tarde;0
5715;ROSETI;Ciclovías mano doble;15;Chacarita;129.33;2024;tarde;80
31865;SOLER;Ciclovías mano doble;14;Palermo;55.85;2024;tarde;31
1922;ECHEVERRIA;Ciclovías mano doble;13;Belgrano;7.33;2024;tarde;193
20038;BALBASTRO;Ciclovías mano doble;7;Parque Chacabuco;103.60;2024;tarde;15
17368;BOLIVAR;Ciclovías mano doble;4;Barracas;124.21;2024;tarde;27
10728;TRES ARROYOS;Ciclovías mano doble;6;Caballito;109.26;2024;tarde;242
9549;TUCUMAN;Ciclovías mano doble;1;San Nicolas;125.90;2024;tarde;225
13525;CHILE;Ciclovías mano doble;1;Monserrat;143.38;2024;tarde;84
4063;BLANCO ENCALADA;Ciclovías mano doble;12;Villa Urquiza;112.42;2024;tarde;142
13566;TREINTA Y TRES ORIENTALES;Ciclovías mano doble;5;Almagro;114.69;2024;tarde;106
18094;ITUZAINGO;Ciclovías mano doble;4;Barracas;78.84;2024;tarde;0
11793;LAMAS, ANDRES;Ciclovías mano doble;11;Villa Gral. Mitre;94.88;2024;tarde;93
12847;DIAZ, CESAR, GRAL.;Ciclovías mano doble;11;Villa Santa Rita;135.95;2024;tarde;96
11364;IRIGOYEN, BERNARDO DE;Ciclovías mano doble;1;Monserrat;69.56;2024;tarde;125
6546;FRENCH;Ciclovías mano doble;2;Recoleta;114.14;2024;tarde;88
7334;ECUADOR;Ciclovías mano doble;2;Recoleta;128.31;2024;tarde;120
12305;GARCIA, JUAN AGUSTIN;Ciclovías mano doble;11;Villa Santa Rita;136.76;2024;tarde;59
15221;ESTADOS UNIDOS;Ciclovías mano doble;5;Boedo;69.83;2024;tarde;156
26671;UNANUE;Ciclovías mano única;8;Villa Lugano;137.44;2024;tarde;11
10922;ACUÑA DE FIGUEROA, FRANCISCO;Ciclovías mano doble;5;Almagro;140.98;2024;tarde;74
21968;RODO, JOSE E.;Ciclovías mano doble;9;Parque Avellaneda;58.64;2024;tarde;28
11899;ALSINA, ADOLFO;Ciclovías mano única;1;Monserrat;138.19;2024;tarde;0
18560;TREINTA Y TRES ORIENTALES;Ciclovías mano doble;5;Boedo;142.85;2024;tarde;106
5393;CERETTI;Ciclovías mano doble;12;Villa Urquiza;78.59;2024;tarde;61
3260;MOLDES;Ciclovías mano doble;13;Colegiales;44.30;2024;tarde;64
21593;RODO, JOSE E.;Ciclovías mano doble;9;Parque Avellaneda;40.66;2024;tarde;28
7438;GRIVEO;Ciclovías mano doble;11;Villa Devoto;147.49;2024;tarde;55
13594;CHILE;Ciclovías mano doble;3;Balvanera;124.90;2024;tarde;84
23680;POLA;Ciclovías mano doble;9;Mataderos;97.90;2024;tarde;70
9624;SAN MARTIN;Ciclovías mano doble;1;San Nicolas;129.98;2024;tarde;57
14852;AZOPARDO;Ciclovías mano doble;1;San Telmo;110.57;2024;tarde;0
4354;LA PAMPA;Ciclovías mano doble;12;Villa Urquiza;173.14;2024;tarde;315
23416;PATRON;Ciclovías mano doble;9;Liniers;103.56;2024;tarde;43
12002;ALSINA, ADOLFO;Ciclovías mano única;1;Monserrat;134.50;2024;tarde;0
2225;ECHEVERRIA;Ciclovías mano doble;13;Belgrano;45.57;2024;tarde;193
13039;DIAZ, CESAR, GRAL.;Ciclovías mano doble;11;Villa Santa Rita;65.58;2024;tarde;96
21168;POLA;Ciclovías mano doble;9;Liniers;147.72;2024;tarde;70
4143;LA PAMPA;Ciclovías mano doble;12;Villa Urquiza;25.83;2024;tarde;315
13278;MENDEZ DE ANDES;Ciclovías mano doble;6;Caballito;16.95;2024;tarde;85
7881;ALVAREZ, JULIAN;Ciclovías mano doble;14;Palermo;134.86;2024;tarde;173
14873;DIAZ, CESAR, GRAL.;Ciclovías mano doble;10;Floresta;114.87;2024;tarde;96
27657;MILLER;Ciclovías mano doble;12;Saavedra;15.43;2024;tarde;67
16347;MORON;Ciclovías mano doble;10;Floresta;136.80;2024;tarde;67
3658;LA PAMPA;Ciclovías mano doble;12;Villa Urquiza;94.31;2024;tarde;315
6038;HUMBOLDT;Ciclovías mano doble;14;Palermo;121.43;2024;tarde;185
12669;FRAGATA PRES. SARMIENTO;Ciclovías mano doble;6;Caballito;127.30;2024;tarde;105
17959;ESTRADA;Ciclovías mano doble;7;Parque Chacabuco;27.20;2024;tarde;19
11506;TRES ARROYOS;Ciclovías mano doble;6;Caballito;96.17;2024;tarde;242
4740;MARTINEZ, ENRIQUE, GRAL.;Ciclovías mano doble;13;Colegiales;105.06;2024;tarde;11
11053;LAMAS, ANDRES;Ciclovías mano doble;11;Villa Gral. Mitre;133.50;2024;tarde;93
11399;BOLIVAR;Ciclovías mano doble;1;Monserrat;6.96;2024;tarde;27
6172;GRIVEO;Ciclovías mano doble;12;Villa Pueyrredon;75.69;2024;tarde;55
11673;TRES ARROYOS;Ciclovías mano doble;11;Villa Gral. Mitre;131.74;2024;tarde;242
29974;SOLER;Ciclovías mano doble;14;Palermo;107.48;2024;tarde;31
6554;GRIVEO;Ciclovías mano doble;11;Villa Devoto;153.17;2024;tarde;55
10803;LAMAS, ANDRES;Ciclovías mano doble;11;Villa Gral. Mitre;132.97;2024;tarde;93
2443;PEDRAZA, MANUELA;Ciclovías mano doble;12;Villa Urquiza;100.08;2024;tarde;44
2508;MILLER;Ciclovías mano doble;12;Villa Urquiza;144.14;2024;tarde;67
10238;SARMIENTO;Ciclovías mano doble;1;San Nicolas;128.74;2024;tarde;101
7713;SUIPACHA;Ciclovías mano doble;1;Retiro;138.89;2024;tarde;132
11521;URIBURU JOSE E., PRES.;Ciclovías mano doble;3;Balvanera;135.18;2024;tarde;148
14587;CALVO, CARLOS;Ciclovías mano doble;3;San Cristobal;120.44;2024;tarde;122
5345;LA PAMPA;Ciclovías mano doble;12;Villa Urquiza;96.90;2024;tarde;315
12682;TREINTA Y TRES ORIENTALES;Ciclovías mano doble;5;Almagro;72.96;2024;tarde;106
17734;BILBAO, FRANCISCO;Ciclovías mano doble;7;Parque Chacabuco;58.19;2024;tarde;11
12666;DIAZ, CESAR, GRAL.;Ciclovías mano doble;11;Villa Santa Rita;142.78;2024;tarde;96
10071;BILLINGHURST;Ciclovías mano doble;5;Almagro;129.05;2024;tarde;0
9348;TUCUMAN;Ciclovías mano doble;3;Balvanera;133.45;2024;tarde;225
22133;POLA;Ciclovías mano doble;9;Liniers;71.66;2024;tarde;70
8257;ALVEAR, MARCELO T. DE;Ciclovías mano doble;1;Retiro;140.49;2024;tarde;49
2097;SUPERI;Ciclovías mano doble;12;Coghlan;104.34;2024;tarde;315
16891;DEAN FUNES;Ciclovías mano doble;3;San Cristobal;101.11;2024;tarde;31
7505;SUIPACHA;Ciclovías mano doble;1;Retiro;156.27;2024;tarde;132
3143;SUPERI;Ciclovías mano doble;13;Belgrano;129.19;2024;tarde;315
17034;BRASIL;Ciclovías mano doble;1;Constitucion;82.17;2024;tarde;93
363;SUPERI;Ciclovías mano doble;12;Saavedra;100.68;2024;tarde;315
15538;RINCON;Ciclovías mano doble;3;San Cristobal;119.95;2024;tarde;0
11529;LAMAS, ANDRES;Ciclovías mano doble;11;Villa Gral. Mitre;109.45;2024;tarde;93
13873;CEVALLOS, VIRREY;Ciclovías mano doble;1;Monserrat;140.36;2024;tarde;275
7834;BILLINGHURST;Ciclovías mano doble;2;Recoleta;135.91;2024;tarde;0
17677;DEAN FUNES;Ciclovías mano doble;4;Parque Patricios;108.13;2024;tarde;31
17921;15 DE NOVIEMBRE DE 1889;Ciclovías mano doble;4;Parque Patricios;310.48;2024;tarde;60
6750;AZCUENAGA;Ciclovías mano doble;2;Recoleta;125.14;2024;tarde;109
13958;MEXICO;Ciclovías mano doble;3;Balvanera;143.63;2024;tarde;93
16988;PAVON;Ciclovías mano doble;3;San Cristobal;88.20;2024;tarde;36
370;CUBA;Ciclovías mano doble;13;Nuñez;83.55;2024;tarde;37
14251;AZOPARDO;Ciclovías mano doble;1;San Telmo;124.00;2024;tarde;0
18157;BONIFACIO, JOSE;Ciclovías mano doble;7;Flores;129.04;2024;tarde;97
15855;RUIZ DE LOS LLANOS;Ciclovías mano doble;10;Versalles;6.76;2024;tarde;20
17462;TREINTA Y TRES ORIENTALES;Ciclovías mano doble;5;Boedo;138.52;2024;tarde;106
14876;RINCON;Ciclovías mano doble;3;San Cristobal;125.01;2024;tarde;0
5588;ROSETI;Ciclovías mano doble;15;Chacarita;103.76;2024;tarde;80
3707;BLANCO ENCALADA;Ciclovías mano doble;12;Villa Urquiza;123.11;2024;tarde;142
6290;NUEVA YORK;Ciclovías mano doble;15;Agronomia;63.93;2024;tarde;24
24261;POLA;Ciclovías mano doble;9;Mataderos;114.62;2024;tarde;70
19052;BONIFACIO, JOSE;Ciclovías mano doble;10;Floresta;104.91;2024;tarde;97
5107;ROSETI;Ciclovías mano doble;15;Chacarita;96.72;2024;tarde;80
17871;ESTRADA;Ciclovías mano doble;7;Parque Chacabuco;50.96;2024;tarde;19
16684;PAVON;Ciclovías mano doble;3;San Cristobal;12.63;2024;tarde;36
9765;HUMAHUACA;Ciclovías mano doble;5;Almagro;100.23;2024;tarde;245
6891;ALVAREZ, JULIAN;Ciclovías mano doble;14;Palermo;135.29;2024;tarde;173
3625;BLANCO ENCALADA;Ciclovías mano doble;12;Villa Urquiza;96.57;2024;tarde;142
11103;SAN MARTIN;Ciclovías mano doble;1;San Nicolas;129.81;2024;tarde;57
17395;LINIERS VIRREY;Ciclovías mano doble;5;Boedo;127.58;2024;tarde;0
15965;TREINTA Y TRES ORIENTALES;Ciclovías mano doble;5;Boedo;81.86;2024;tarde;106
29868;ARENALES;Ciclovías mano doble;1;Retiro;32.71;2024;tarde;130
11348;FRAGATA PRES. SARMIENTO;Ciclovías mano doble;6;Caballito;172.38;2024;tarde;105
16019;DEAN FUNES;Ciclovías mano doble;3;San Cristobal;171.63;2024;tarde;31
3860;BLANCO ENCALADA;Ciclovías mano doble;12;Villa Urquiza;63.83;2024;tarde;142
19612;BONIFACIO, JOSE;Ciclovías mano doble;9;Parque Avellaneda;158.32;2024;tarde;97
3228;MOLDES;Ciclovías mano doble;13;Colegiales;54.90;2024;tarde;64
27069;UNANUE;Ciclovías mano única;8;Villa Lugano;102.83;2024;tarde;11
19950;HORNOS, GRAL.;Ciclovías mano doble;4;Barracas;173.46;2024;tarde;56
12113;LAMAS, ANDRES;Ciclovías mano doble;11;Villa Gral. Mitre;140.67;2024;tarde;93
15066;TREINTA Y TRES ORIENTALES;Ciclovías mano doble;5;Boedo;100.41;2024;tarde;106
14671;CALVO, CARLOS;Ciclovías mano doble;3;San Cristobal;122.62;2024;tarde;122
13136;GARCIA, JUAN AGUSTIN;Ciclovías mano doble;11;Villa Santa Rita;134.39;2024;tarde;59
12156;IRIGOYEN, BERNARDO DE;Ciclovías mano doble;1;Monserrat;122.35;2024;tarde;125
13724;CHIVILCOY;Ciclovías mano doble;10;Monte Castro;136.82;2024;tarde;118
19934;PRIMERA JUNTA;Ciclovías mano doble;7;Flores;105.16;2024;tarde;39
30065;CEVALLOS, VIRREY;Ciclovías mano doble;1;Constitucion;110.44;2024;tarde;275
8265;BILLINGHURST;Ciclovías mano doble;2;Recoleta;134.45;2024;tarde;0
8065;CHARCAS;Ciclovías mano doble;2;Recoleta;140.48;2024;tarde;81
503;PEDRAZA, MANUELA;Ciclovías mano doble;13;Nuñez;157.81;2024;tarde;44
18876;TREINTA Y TRES ORIENTALES;Ciclovías mano doble;5;Boedo;140.43;2024;tarde;106
12255;DON BOSCO;Ciclovías mano doble;5;Almagro;137.86;2024;tarde;70
17277;USPALLATA;Ciclovías mano doble;4;Barracas;116.28;2024;tarde;0
13600;DIAZ, CESAR, GRAL.;Ciclovías mano doble;11;Villa Santa Rita;137.10;2024;tarde;96
16042;VALLE;Ciclovías mano doble;6;Caballito;73.09;2024;tarde;106
15881;AZOPARDO;Ciclovías mano doble;1;San Telmo;130.03;2024;tarde;0
15858;VALLE;Ciclovías mano doble;6;Caballito;83.46;2024;tarde;106
19494;HORNOS, GRAL.;Ciclovías mano doble;4;Barracas;202.91;2024;tarde;56
5989;GODOY CRUZ;Ciclovías mano doble;14;Palermo;105.38;2024;tarde;98
7662;NUEVA YORK;Ciclovías mano doble;15;Agronomia;151.84;2024;tarde;24
1190;11 DE SEPTIEMBRE DE 1888;Ciclovías mano doble;13;Belgrano;119.30;2024;tarde;29
4894;DORREGO;Ciclovías mano doble;13;Colegiales;31.33;2024;tarde;82
7807;ARENALES;Ciclovías mano doble;1;Retiro;129.85;2024;tarde;130
14660;CHIVILCOY;Ciclovías mano doble;10;Floresta;137.91;2024;tarde;118
16007;CHIVILCOY;Ciclovías mano doble;10;Floresta;80.51;2024;tarde;118
20926;PEDERNERA;Ciclovías mano doble;7;Flores;187.82;2024;tarde;39
19989;RODO, JOSE E.;Ciclovías mano doble;9;Parque Avellaneda;148.97;2024;tarde;28
13749;MATHEU;Ciclovías mano doble;3;Balvanera;122.61;2024;tarde;112
26885;UNANUE;Ciclovías mano única;8;Villa Lugano;77.35;2024;tarde;11
23343;POLA;Ciclovías mano doble;9;Mataderos;156.04;2024;tarde;70
13933;MENDEZ DE ANDES;Ciclovías mano doble;6;Caballito;100.32;2024;tarde;85
5101;ROSETI;Ciclovías mano doble;15;Villa Ortuzar;126.56;2024;tarde;80
3578;LA PAMPA;Ciclovías mano doble;13;Belgrano;80.15;2024;tarde;315
15320;LINIERS VIRREY;Ciclovías mano doble;5;Boedo;138.56;2024;tarde;0
5616;CERETTI;Ciclovías mano doble;12;Villa Urquiza;134.99;2024;tarde;61
21309;PATRON;Ciclovías mano doble;9;Liniers;104.30;2024;tarde;43
8757;PADILLA;Ciclovías mano doble;15;Villa Crespo;129.85;2024;tarde;86
30016;PEDRAZA, MANUELA;Ciclovías mano doble;13;Nuñez;25.17;2024;tarde;44
8866;ACUÑA DE FIGUEROA, FRANCISCO;Ciclovías mano doble;5;Almagro;129.10;2024;tarde;74
2991;PEDRAZA, MANUELA;Ciclovías mano doble;12;Villa Urquiza;61.15;2024;tarde;44
26561;UNANUE;Ciclovías mano única;8;Villa Lugano;103.12;2024;tarde;11
12639;CEVALLOS, VIRREY;Ciclovías mano doble;1;Monserrat;129.89;2024;tarde;275
11225;BILLINGHURST;Ciclovías mano doble;5;Almagro;175.64;2024;tarde;0
19390;RONDEAU;Ciclovías mano doble;5;Boedo;106.26;2024;tarde;0
18092;ESTRADA;Ciclovías mano doble;7;Parque Chacabuco;31.10;2024;tarde;19
10919;URIBURU JOSE E., PRES.;Ciclovías mano doble;3;Balvanera;136.11;2024;tarde;148
6244;ALVAREZ, JULIAN;Ciclovías mano doble;14;Palermo;56.21;2024;tarde;173
3714;LA PAMPA;Ciclovías mano doble;12;Villa Urquiza;88.24;2024;tarde;315
18840;ALBERTI;Ciclovías mano doble;4;Parque Patricios;132.79;2024;tarde;33
11696;ALSINA, ADOLFO;Ciclovías mano única;1;Monserrat;128.45;2024;tarde;0
468;CUBA;Ciclovías mano doble;13;Nuñez;92.27;2024;tarde;37
17486;BILBAO, FRANCISCO;Ciclovías mano doble;7;Parque Chacabuco;104.36;2024;tarde;11
3589;LA PAMPA;Ciclovías mano doble;12;Villa Urquiza;22.99;2024;tarde;315
8263;ALVEAR, MARCELO T. DE;Ciclovías mano doble;2;Recoleta;129.20;2024;tarde;49
17234;CEVALLOS, VIRREY;Ciclovías mano doble;1;Constitucion;142.59;2024;tarde;275
13250;ESPINOSA;Ciclovías mano doble;6;Caballito;123.15;2024;tarde;110
6389;NUEVA YORK;Ciclovías mano doble;15;Agronomia;65.75;2024;tarde;24
15319;CALVO, CARLOS;Ciclovías mano doble;5;Boedo;132.39;2024;tarde;122
9034;ALVAREZ, JULIAN;Ciclovías mano doble;15;Villa Crespo;124.69;2024;tarde;173
13855;CHIVILCOY;Ciclovías mano doble;10;Monte Castro;69.70;2024;tarde;118
16088;PAVON;Ciclovías mano doble;1;Constitucion;58.32;2024;tarde;36
11457;DIAZ, CESAR, GRAL.;Ciclovías mano doble;11;Villa Gral. Mitre;140.17;2024;tarde;96
7945;ACUÑA DE FIGUEROA, FRANCISCO;Ciclovías mano doble;14;Palermo;135.18;2024;tarde;74
5267;CERETTI;Ciclovías mano doble;12;Villa Urquiza;78.41;2024;tarde;61
13267;GONZALEZ, ELPIDIO;Ciclovías mano doble;11;Villa Santa Rita;96.08;2024;tarde;100
15116;GONZALEZ, ELPIDIO;Ciclovías mano doble;10;Monte Castro;121.66;2024;tarde;100
1517;11 DE SEPTIEMBRE DE 1888;Ciclovías mano doble;13;Belgrano;66.96;2024;tarde;29
6804;HUMBOLDT;Ciclovías mano doble;15;Chacarita;127.47;2024;tarde;185
4996;MARTINEZ, ENRIQUE, GRAL.;Ciclovías mano doble;13;Colegiales;95.63;2024;tarde;11
23542;RODO, JOSE E.;Ciclovías mano doble;9;Mataderos;103.10;2024;tarde;28
4738;SANCHEZ DE BUSTAMANTE;Ciclovías mano doble;2;Recoleta;15.23;2024;tarde;315
6264;GRIVEO;Ciclovías mano doble;12;Villa Pueyrredon;81.89;2024;tarde;55
9823;TRES ARROYOS;Ciclovías mano doble;15;Villa Crespo;96.73;2024;tarde;242
1508;MILLER;Ciclovías mano doble;12;Saavedra;50.39;2024;tarde;67
2673;ECHEVERRIA;Ciclovías mano doble;13;Belgrano;115.56;2024;tarde;193
16870;BONIFACIO, JOSE;Ciclovías mano doble;6;Caballito;132.91;2024;tarde;97
7736;ALVAREZ, JULIAN;Ciclovías mano doble;14;Palermo;125.54;2024;tarde;173
13731;MENDEZ DE ANDES;Ciclovías mano doble;6;Caballito;124.37;2024;tarde;85
30017;PEDRAZA, MANUELA;Ciclovías mano doble;13;Nuñez;32.00;2024;tarde;44
19140;BONIFACIO, JOSE;Ciclovías mano doble;10;Floresta;102.33;2024;tarde;97
10302;ACUÑA DE FIGUEROA, FRANCISCO;Ciclovías mano doble;5;Almagro;186.75;2024;tarde;74
14685;MENDEZ DE ANDES;Ciclovías mano doble;7;Flores;127.50;2024;tarde;85
7541;JUNCAL;Ciclovías mano doble;2;Recoleta;33.35;2024;tarde;134
21333;PRIMERA JUNTA;Ciclovías mano doble;7;Flores;108.21;2024;tarde;39
21303;PEDERNERA;Ciclovías mano doble;7;Flores;122.22;2024;tarde;39
17922;BILBAO, FRANCISCO;Ciclovías mano doble;7;Parque Chacabuco;110.95;2024;tarde;11
9764;BILLINGHURST;Ciclovías mano doble;5;Almagro;99.97;2024;tarde;0
5721;GORRITI;Ciclovías mano doble;14;Palermo;130.25;2024;tarde;235
5188;SOLER;Ciclovías mano doble;14;Palermo;122.24;2024;tarde;31
31463;TRES ARROYOS;Ciclovías mano doble;15;Villa Crespo;11.09;2024;tarde;242
10012;TRES ARROYOS;Ciclovías mano doble;15;Villa Crespo;118.83;2024;tarde;242
1110;CUBA;Ciclovías mano doble;13;Nuñez;98.21;2024;tarde;37
19083;TREINTA Y TRES ORIENTALES;Ciclovías mano doble;5;Boedo;77.65;2024;tarde;106
17046;PAVON;Ciclovías mano doble;5;Boedo;75.81;2024;tarde;36
2090;IBERA;Ciclovías mano doble;12;Coghlan;47.48;2024;tarde;98
22359;POLA;Ciclovías mano doble;9;Mataderos;63.26;2024;tarde;70
15269;TREINTA Y TRES ORIENTALES;Ciclovías mano doble;5;Boedo;82.87;2024;tarde;106
1239;MONROE;Ciclovías mano doble;13;Belgrano;136.49;2024;tarde;67
17088;DEFENSA;Ciclovías mano doble;1;San Telmo;33.91;2024;tarde;0
22885;POLA;Ciclovías mano doble;9;Mataderos;149.42;2024;tarde;70
20214;PEDERNERA;Ciclovías mano doble;7;Flores;135.51;2024;tarde;39
7597;JUNCAL;Ciclovías mano doble;2;Recoleta;6.12;2024;tarde;134
5013;LA PAMPA;Ciclovías mano doble;12;Villa Urquiza;110.92;2024;tarde;315
11601;DIAZ, CESAR, GRAL.;Ciclovías mano doble;11;Villa Gral. Mitre;124.64;2024;tarde;96
2999;ECHEVERRIA;Ciclovías mano doble;13;Belgrano;117.12;2024;tarde;193
13527;MEXICO;Ciclovías mano doble;3;Balvanera;140.87;2024;tarde;93
11854;VALLESE, FELIPE;Ciclovías mano doble;6;Caballito;95.56;2024;tarde;100
8140;SAN MARTIN;Ciclovías mano doble;1;Retiro;50.97;2024;tarde;57
18212;HORNOS, GRAL.;Ciclovías mano doble;4;Barracas;95.51;2024;tarde;56
12704;GARCIA, JUAN AGUSTIN;Ciclovías mano doble;11;Villa Santa Rita;67.76;2024;tarde;59
15311;GONZALEZ, ELPIDIO;Ciclovías mano doble;10;Monte Castro;140.65;2024;tarde;100
14193;TREINTA Y TRES ORIENTALES;Ciclovías mano doble;5;Almagro;131.04;2024;tarde;106
16473;DOBLAS;Ciclovías mano doble;6;Caballito;142.27;2024;tarde;96
12460;ALSINA, ADOLFO;Ciclovías mano doble;3;Balvanera;133.15;2024;tarde;0
5997;GRIVEO;Ciclovías mano doble;12;Villa Pueyrredon;76.62;2024;tarde;55
7833;SUIPACHA;Ciclovías mano doble;1;Retiro;66.99;2024;tarde;132
1128;AMENABAR;Ciclovías mano doble;13;Nuñez;99.83;2024;tarde;227
6279;GODOY CRUZ;Ciclovías mano doble;14;Palermo;120.37;2024;tarde;98
243;CUBA;Ciclovías mano doble;13;Nuñez;100.95;2024;tarde;37
14973;LINIERS VIRREY;Ciclovías mano doble;5;Boedo;148.55;2024;tarde;0
832;MONROE;Ciclovías mano doble;13;Belgrano;124.63;2024;tarde;67
13944;GONZALEZ, ELPIDIO;Ciclovías mano doble;10;Monte Castro;120.84;2024;tarde;100
4120;LUGONES;Ciclovías mano doble;12;Villa Urquiza;117.97;2024;tarde;142
4642;MARTINEZ, ENRIQUE, GRAL.;Ciclovías mano doble;13;Colegiales;68.08;2024;tarde;11
900;MILLER;Ciclovías mano doble;12;Saavedra;100.71;2024;tarde;67
2661;PEDRAZA, MANUELA;Ciclovías mano doble;12;Villa Urquiza;125.09;2024;tarde;44
15546;AZOPARDO;Ciclovías mano doble;1;San Telmo;147.92;2024;tarde;0
16682;PAVON;Ciclovías mano doble;3;San Cristobal;124.96;2024;tarde;36
13608;MENDEZ DE ANDES;Ciclovías mano doble;6;Caballito;112.43;2024;tarde;85
21990;PATRON;Ciclovías mano doble;9;Liniers;77.68;2024;tarde;43
12681;DON BOSCO;Ciclovías mano doble;5;Almagro;136.62;2024;tarde;70
2804;MILLER;Ciclovías mano doble;12;Villa Urquiza;67.98;2024;tarde;67
472;SUPERI;Ciclovías mano doble;12;Saavedra;100.74;2024;tarde;315
18755;DOBLAS;Ciclovías mano doble;7;Parque Chacabuco;132.43;2024;tarde;96
11877;ALSINA, ADOLFO;Ciclovías mano única;1;Monserrat;38.50;2024;tarde;0
1339;IBERA;Ciclovías mano doble;13;Nuñez;84.42;2024;tarde;98
21300;BALBASTRO;Ciclovías mano doble;7;Flores;6.67;2024;tarde;15
22457;POLA;Ciclovías mano doble;9;Mataderos;58.21;2024;tarde;70
11504;TACUARI;Ciclovías mano doble;1;Monserrat;65.73;2024;tarde;222
2073;ECHEVERRIA;Ciclovías mano doble;13;Belgrano;100.57;2024;tarde;193
14246;SASTRE, MARCOS;Ciclovías mano doble;10;Monte Castro;94.44;2024;tarde;60
5830;GODOY CRUZ;Ciclovías mano doble;14;Palermo;81.66;2024;tarde;98
18142;DEAN FUNES;Ciclovías mano doble;4;Parque Patricios;169.71;2024;tarde;31
15818;CONSTITUCION;Ciclovías mano doble;1;Constitucion;116.76;2024;tarde;0
10870;TRES ARROYOS;Ciclovías mano doble;6;Caballito;126.03;2024;tarde;242
14556;AZOPARDO;Ciclovías mano doble;1;San Telmo;131.07;2024;tarde;0
1268;AMENABAR;Ciclovías mano doble;13;Nuñez;154.10;2024;tarde;227
11893;GARCIA, JUAN AGUSTIN;Ciclovías mano doble;11;Villa Santa Rita;27.24;2024;tarde;59
4213;LA PAMPA;Ciclovías mano doble;12;Villa Urquiza;82.74;2024;tarde;315
14570;CALVO, CARLOS;Ciclovías mano doble;3;San Cristobal;122.36;2024;tarde;122
8594;ACUÑA DE FIGUEROA, FRANCISCO;Ciclovías mano doble;5;Almagro;53.19;2024;tarde;74
10782;MONTEVIDEO;Ciclovías mano doble;1;San Nicolas;131.09;2024;tarde;226
5487;GRIVEO;Ciclovías mano doble;12;Villa Pueyrredon;130.05;2024;tarde;55
9565;TUCUMAN;Ciclovías mano doble;3;Balvanera;112.08;2024;tarde;225
15926;DOBLAS;Ciclovías mano doble;6;Caballito;84.35;2024;tarde;96
7026;NUEVA YORK;Ciclovías mano doble;15;Agronomia;130.31;2024;tarde;24
19973;USPALLATA;Ciclovías mano doble;4;Parque Patricios;150.04;2024;tarde;0
9988;HUMAHUACA;Ciclovías mano doble;3;Balvanera;130.18;2024;tarde;245
1102;SUPERI;Ciclovías mano doble;12;Saavedra;57.75;2024;tarde;315
2825;ECHEVERRIA;Ciclovías mano doble;13;Belgrano;117.03;2024;tarde;193
2328;PEDRAZA, MANUELA;Ciclovías mano doble;12;Villa Urquiza;100.94;2024;tarde;44
19737;USPALLATA;Ciclovías mano doble;4;Parque Patricios;179.44;2024;tarde;0
11204;GARCIA, JUAN AGUSTIN;Ciclovías mano doble;11;Villa Gral. Mitre;141.78;2024;tarde;59
1988;TRONADOR;Ciclovías mano doble;12;Coghlan;73.84;2024;tarde;24
9980;PADILLA;Ciclovías mano doble;15;Villa Crespo;62.78;2024;tarde;86
20931;BALBASTRO;Ciclovías mano doble;7;Flores;121.99;2024;tarde;15
1709;IBERA;Ciclovías mano doble;12;Coghlan;13.27;2024;tarde;98
1655;OLAZABAL;Ciclovías mano doble;13;Belgrano;31.11;2024;tarde;64
4677;CERETTI;Ciclovías mano doble;12;Villa Urquiza;106.90;2024;tarde;61
3511;CERETTI;Ciclovías mano doble;12;Villa Urquiza;146.20;2024;tarde;61
1975;AMENABAR;Ciclovías mano doble;13;Belgrano;128.10;2024;tarde;227
14564;SASTRE, MARCOS;Ciclovías mano doble;10;Monte Castro;96.85;2024;tarde;60
6868;NUEVA YORK;Ciclovías mano doble;15;Agronomia;65.15;2024;tarde;24
2009;11 DE SEPTIEMBRE DE 1888;Ciclovías mano doble;13;Belgrano;128.88;2024;tarde;29
3258;SUPERI;Ciclovías mano doble;13;Belgrano;120.50;2024;tarde;315
4825;CERETTI;Ciclovías mano doble;12;Villa Urquiza;100.88;2024;tarde;61
14744;FRAY CAYETANO RODRIGUEZ;Ciclovías mano doble;7;Flores;120.13;2024;tarde;45
5242;LA PAMPA;Ciclovías mano doble;12;Villa Urquiza;39.09;2024;tarde;315
6375;AZCUENAGA;Ciclovías mano doble;2;Recoleta;16.13;2024;tarde;109
6417;FRENCH;Ciclovías mano doble;2;Recoleta;56.42;2024;tarde;88
19853;USPALLATA;Ciclovías mano doble;4;Parque Patricios;159.01;2024;tarde;0
15782;TREINTA Y TRES ORIENTALES;Ciclovías mano doble;5;Boedo;192.70;2024;tarde;106
13152;LINIERS VIRREY;Ciclovías mano doble;5;Almagro;139.22;2024;tarde;0
31817;SAN MARTIN;Ciclovías mano doble;1;Retiro;52.59;2024;tarde;57
23543;POLA;Ciclovías mano doble;9;Mataderos;158.83;2024;tarde;70
28141;POLA;Ciclovías mano doble;9;Mataderos;13.24;2024;tarde;70
17523;BONIFACIO, JOSE;Ciclovías mano doble;7;Flores;104.60;2024;tarde;97
2041;IBERA;Ciclovías mano doble;12;Coghlan;102.56;2024;tarde;98
2744;ECHEVERRIA;Ciclovías mano doble;13;Belgrano;116.87;2024;tarde;193
15805;VALLE;Ciclovías mano doble;6;Caballito;125.51;2024;tarde;106
6792;NUEVA YORK;Ciclovías mano doble;15;Agronomia;64.81;2024;tarde;24
16063;VALLE;Ciclovías mano doble;6;Caballito;142.84;2024;tarde;106
12141;AZOPARDO;Ciclovías mano doble;1;Monserrat;73.53;2024;tarde;0
8325;ALVEAR, MARCELO T. DE;Ciclovías mano doble;2;Recoleta;134.32;2024;tarde;49
23101;RODO, JOSE E.;Ciclovías mano doble;9;Mataderos;103.44;2024;tarde;28
1728;11 DE SEPTIEMBRE DE 1888;Ciclovías mano doble;13;Belgrano;125.74;2024;tarde;29
9854;BOUCHARD;Ciclovías mano doble;1;San Nicolas;122.95;2024;tarde;19
6343;FRENCH;Ciclovías mano doble;2;Recoleta;106.53;2024;tarde;88
12947;FRAGATA PRES. SARMIENTO;Ciclovías mano doble;6;Caballito;128.57;2024;tarde;105
3422;SUPERI;Ciclovías mano doble;13;Belgrano;157.33;2024;tarde;315
16883;TREINTA Y TRES ORIENTALES;Ciclovías mano doble;5;Boedo;124.82;2024;tarde;106
6138;NUEVA YORK;Ciclovías mano doble;15;Agronomia;65.29;2024;tarde;24
2933;MILLER;Ciclovías mano doble;12;Villa Urquiza;129.98;2024;tarde;67
5783;CERETTI;Ciclovías mano doble;15;Parque Chas;101.64;2024;tarde;61
7067;GRIVEO;Ciclovías mano doble;11;Villa Devoto;44.69;2024;tarde;55
19870;USPALLATA;Ciclovías mano doble;4;Parque Patricios;29.83;2024;tarde;0
13951;FRAY CAYETANO RODRIGUEZ;Ciclovías mano doble;7;Flores;76.15;2024;tarde;45
13922;SASTRE, MARCOS;Ciclovías mano doble;10;Monte Castro;82.35;2024;tarde;60
4842;GODOY CRUZ;Ciclovías mano doble;14;Palermo;137.39;2024;tarde;98
16646;DEAN FUNES;Ciclovías mano doble;3;San Cristobal;107.01;2024;tarde;31
14903;SASTRE, MARCOS;Ciclovías mano doble;10;Monte Castro;130.21;2024;tarde;60
6589;GORRITI;Ciclovías mano doble;14;Palermo;109.67;2024;tarde;235
1290;IBERA;Ciclovías mano doble;13;Nuñez;119.83;2024;tarde;98
1395;11 DE SEPTIEMBRE DE 1888;Ciclovías mano doble;13;Belgrano;117.37;2024;tarde;29
13870;DIAZ, CESAR, GRAL.;Ciclovías mano doble;11;Villa Santa Rita;85.56;2024;tarde;96
20256;HORNOS, GRAL.;Ciclovías mano doble;4;Barracas;121.40;2024;tarde;56
10921;POTOSI;Ciclovías mano doble;5;Almagro;137.67;2024;tarde;189
6616;HUMBOLDT;Ciclovías mano doble;15;Chacarita;127.09;2024;tarde;185
13947;LINIERS VIRREY;Ciclovías mano doble;5;Almagro;121.17;2024;tarde;0
3638;CERETTI;Ciclovías mano doble;12;Villa Urquiza;127.88;2024;tarde;61
22247;RODO, JOSE E.;Ciclovías mano doble;9;Parque Avellaneda;65.15;2024;tarde;28
19977;PICHEUTA;Ciclovías mano doble;7;Parque Chacabuco;75.12;2024;tarde;53
16105;MORON;Ciclovías mano doble;10;Floresta;105.58;2024;tarde;67
15793;MORON;Ciclovías mano doble;7;Flores;111.00;2024;tarde;67
3495;LUGONES;Ciclovías mano doble;12;Villa Urquiza;126.23;2024;tarde;142
7233;ALVAREZ, JULIAN;Ciclovías mano doble;14;Palermo;264.77;2024;tarde;173
6036;ALVAREZ, JULIAN;Ciclovías mano doble;14;Palermo;111.91;2024;tarde;173
3358;CERETTI;Ciclovías mano doble;12;Villa Urquiza;135.04;2024;tarde;61
16554;RINCON;Ciclovías mano doble;3;San Cristobal;107.50;2024;tarde;0
3125;BLANCO ENCALADA;Ciclovías mano doble;12;Villa Urquiza;104.21;2024;tarde;142
12224;ALSINA, ADOLFO;Ciclovías mano doble;3;Balvanera;124.66;2024;tarde;0
1164;IBERA;Ciclovías mano doble;13;Nuñez;83.58;2024;tarde;98
9314;SAN MARTIN;Ciclovías mano doble;1;San Nicolas;130.60;2024;tarde;57
15653;GONZALEZ, ELPIDIO;Ciclovías mano doble;10;Monte Castro;88.03;2024;tarde;100
14665;TACUARI;Ciclovías mano doble;1;Constitucion;127.30;2024;tarde;222
18496;DEAN FUNES;Ciclovías mano doble;4;Parque Patricios;136.02;2024;tarde;31
12886;SASTRE, MARCOS;Ciclovías mano doble;10;Monte Castro;38.71;2024;tarde;60
2216;11 DE SEPTIEMBRE DE 1888;Ciclovías mano doble;13;Belgrano;128.44;2024;tarde;29
2199;ECHEVERRIA;Ciclovías mano doble;13;Belgrano;104.13;2024;tarde;193
13094;SASTRE, MARCOS;Ciclovías mano doble;10;Monte Castro;37.08;2024;tarde;60
13726;MEXICO;Ciclovías mano doble;3;Balvanera;130.40;2024;tarde;93
199;CUBA;Ciclovías mano doble;13;Nuñez;101.53;2024;tarde;37
12552;VALLESE, FELIPE;Ciclovías mano doble;6;Caballito;42.97;2024;tarde;100
12910;AZOPARDO;Ciclovías mano doble;1;Monserrat;131.65;2024;tarde;0
11931;GARCIA, JUAN AGUSTIN;Ciclovías mano doble;11;Villa Santa Rita;31.21;2024;tarde;59
17615;ESTRADA;Ciclovías mano doble;7;Parque Chacabuco;76.62;2024;tarde;19
15069;CALVO, CARLOS;Ciclovías mano doble;3;San Cristobal;164.90;2024;tarde;122
9513;ACUÑA DE FIGUEROA, FRANCISCO;Ciclovías mano doble;5;Almagro;135.29;2024;tarde;74
10936;POTOSI;Ciclovías mano doble;5;Almagro;57.65;2024;tarde;189
22914;RODO, JOSE E.;Ciclovías mano doble;9;Mataderos;102.93;2024;tarde;28
2063;PEDRAZA, MANUELA;Ciclovías mano doble;12;Villa Urquiza;86.73;2024;tarde;44
2823;PEDRAZA, MANUELA;Ciclovías mano doble;12;Villa Urquiza;122.04;2024;tarde;44
2600;ECHEVERRIA;Ciclovías mano doble;13;Belgrano;107.44;2024;tarde;193
12516;VALLESE, FELIPE;Ciclovías mano doble;6;Caballito;101.49;2024;tarde;100
6280;GORRITI;Ciclovías mano doble;14;Palermo;91.53;2024;tarde;235
3130;MOLDES;Ciclovías mano doble;13;Colegiales;102.88;2024;tarde;64
7570;MONTEVIDEO;Ciclovías mano doble;2;Recoleta;68.69;2024;tarde;226
20197;BALBASTRO;Ciclovías mano doble;7;Parque Chacabuco;108.12;2024;tarde;15
18719;RONDEAU;Ciclovías mano doble;4;Parque Patricios;141.23;2024;tarde;0
14898;DEAN FUNES;Ciclovías mano doble;3;San Cristobal;140.80;2024;tarde;31
11275;TRES ARROYOS;Ciclovías mano doble;6;Caballito;126.41;2024;tarde;242
17648;MORON;Ciclovías mano doble;10;Velez Sarsfield;121.58;2024;tarde;67
10535;SAN MARTIN;Ciclovías mano doble;1;San Nicolas;127.81;2024;tarde;57
26723;UNANUE;Ciclovías mano única;8;Villa Lugano;129.02;2024;tarde;11
538;SUPERI;Ciclovías mano doble;12;Saavedra;100.44;2024;tarde;315
18468;LINIERS VIRREY;Ciclovías mano doble;5;Boedo;108.76;2024;tarde;0
2117;MILLER;Ciclovías mano doble;12;Saavedra;172.47;2024;tarde;67
15940;MORON;Ciclovías mano doble;10;Floresta;107.53;2024;tarde;67
7740;NUEVA YORK;Ciclovías mano doble;15;Agronomia;73.86;2024;tarde;24
31223;PATRON;Ciclovías mano doble;9;Liniers;9.18;2024;tarde;43
1315;MONROE;Ciclovías mano doble;13;Belgrano;130.04;2024;tarde;67
8177;ALVEAR, MARCELO T. DE;Ciclovías mano doble;1;Retiro;136.47;2024;tarde;49
28004;RODO, JOSE E.;Ciclovías mano doble;9;Parque Avellaneda;25.69;2024;tarde;28
6017;FRENCH;Ciclovías mano doble;2;Recoleta;125.18;2024;tarde;88
9488;TRES ARROYOS;Ciclovías mano doble;15;Villa Crespo;112.95;2024;tarde;242
2031;PEDRAZA, MANUELA;Ciclovías mano doble;12;Villa Urquiza;68.68;2024;tarde;44
13507;GONZALEZ, ELPIDIO;Ciclovías mano doble;10;Monte Castro;131.65;2024;tarde;100
14805;MENDEZ DE ANDES;Ciclovías mano doble;7;Flores;99.44;2024;tarde;85
7985;ALVAREZ, JULIAN;Ciclovías mano doble;14;Palermo;86.10;2024;tarde;173
27610;PINTO;Ciclovías mano doble;12;Saavedra;35.35;2024;tarde;3
2394;AMENABAR;Ciclovías mano doble;13;Belgrano;129.38;2024;tarde;227
13035;SASTRE, MARCOS;Ciclovías mano doble;10;Monte Castro;46.91;2024;tarde;60
22591;RODO, JOSE E.;Ciclovías mano doble;9;Mataderos;106.08;2024;tarde;28
8104;ECUADOR;Ciclovías mano doble;2;Recoleta;100.26;2024;tarde;120
2285;PEDRAZA, MANUELA;Ciclovías mano doble;12;Villa Urquiza;101.11;2024;tarde;44
8241;ALVEAR, MARCELO T. DE;Ciclovías mano doble;1;Retiro;79.82;2024;tarde;49
1011;CUBA;Ciclovías mano doble;13;Nuñez;100.53;2024;tarde;37
994;MILLER;Ciclovías mano doble;12;Saavedra;100.81;2024;tarde;67
18530;ALBERTI;Ciclovías mano doble;4;Parque Patricios;129.92;2024;tarde;33
7351;GORRITI;Ciclovías mano doble;14;Palermo;135.74;2024;tarde;235
7185;GORRITI;Ciclovías mano doble;14;Palermo;133.81;2024;tarde;235
13211;AZOPARDO;Ciclovías mano doble;1;Monserrat;116.61;2024;tarde;0
10270;SARMIENTO;Ciclovías mano doble;1;San Nicolas;126.70;2024;tarde;101
15846;LINIERS VIRREY;Ciclovías mano doble;5;Boedo;103.78;2024;tarde;0
2332;ECHEVERRIA;Ciclovías mano doble;13;Belgrano;110.55;2024;tarde;193
9411;ALVAREZ, JULIAN;Ciclovías mano doble;15;Villa Crespo;123.80;2024;tarde;173
21982;POLA;Ciclovías mano doble;9;Liniers;63.82;2024;tarde;70
14446;CHIVILCOY;Ciclovías mano doble;10;Floresta;136.95;2024;tarde;118
2177;AMENABAR;Ciclovías mano doble;13;Belgrano;125.48;2024;tarde;227
21846;PATRON;Ciclovías mano doble;9;Liniers;127.20;2024;tarde;43
16313;GONZALEZ, ELPIDIO;Ciclovías mano doble;10;Monte Castro;185.14;2024;tarde;100
2061;IBERA;Ciclovías mano doble;12;Coghlan;55.91;2024;tarde;98
27748;SUPERI;Ciclovías mano doble;13;Colegiales;18.63;2024;tarde;315
9659;TUCUMAN;Ciclovías mano doble;3;Balvanera;111.97;2024;tarde;225
18265;FINOCHIETTO ENRIQUE DR.;Ciclovías mano doble;4;Barracas;68.13;2024;tarde;0
10319;SARMIENTO;Ciclovías mano doble;1;San Nicolas;131.25;2024;tarde;101
15142;SASTRE, MARCOS;Ciclovías mano doble;10;Monte Castro;132.13;2024;tarde;60
12659;BOLIVAR;Ciclovías mano doble;1;Monserrat;129.52;2024;tarde;27
15936;CONSTITUCION;Ciclovías mano doble;3;San Cristobal;106.37;2024;tarde;0
16147;CEVALLOS, VIRREY;Ciclovías mano doble;1;Constitucion;140.47;2024;tarde;275
12567;SANCHEZ DE LORIA;Ciclovías mano doble;3;Balvanera;93.78;2024;tarde;56
10438;GARCIA, JUAN AGUSTIN;Ciclovías mano doble;11;Villa Gral. Mitre;140.26;2024;tarde;59
4228;CERETTI;Ciclovías mano doble;12;Villa Urquiza;101.12;2024;tarde;61
17653;DOBLAS;Ciclovías mano doble;7;Parque Chacabuco;85.12;2024;tarde;96
15168;COCHABAMBA;Ciclovías mano doble;1;San Telmo;130.48;2024;tarde;61
7531;JUNCAL;Ciclovías mano doble;2;Recoleta;26.36;2024;tarde;134
26540;UNANUE;Ciclovías mano única;8;Villa Lugano;101.58;2024;tarde;11
920;CUBA;Ciclovías mano doble;13;Nuñez;100.48;2024;tarde;37
15914;CONSTITUCION;Ciclovías mano doble;3;San Cristobal;84.01;2024;tarde;0
13447;CHILE;Ciclovías mano doble;1;Monserrat;35.36;2024;tarde;84
1754;IBERA;Ciclovías mano doble;12;Coghlan;93.12;2024;tarde;98
2735;MILLER;Ciclovías mano doble;12;Villa Urquiza;123.13;2024;tarde;67
12428;VALLESE, FELIPE;Ciclovías mano doble;6;Caballito;148.64;2024;tarde;100
19227;LINIERS VIRREY;Ciclovías mano doble;5;Boedo;118.52;2024;tarde;0
7596;JUNCAL;Ciclovías mano doble;2;Recoleta;107.55;2024;tarde;134
12764;RINCON;Ciclovías mano doble;3;Balvanera;128.72;2024;tarde;0
17884;BONIFACIO, JOSE;Ciclovías mano doble;7;Flores;166.18;2024;tarde;97
748;MONROE;Ciclovías mano doble;13;Belgrano;123.78;2024;tarde;67
12354;CHIVILCOY;Ciclovías mano doble;10;Monte Castro;160.86;2024;tarde;118
11132;CHIVILCOY;Ciclovías mano doble;11;Villa Devoto;104.45;2024;tarde;118
15101;CEVALLOS, VIRREY;Ciclovías mano doble;1;Constitucion;130.35;2024;tarde;275
19638;TREINTA Y TRES ORIENTALES;Ciclovías mano doble;5;Boedo;120.75;2024;tarde;106
24457;RODO, JOSE E.;Ciclovías mano doble;9;Mataderos;126.93;2024;tarde;28
1287;11 DE SEPTIEMBRE DE 1888;Ciclovías mano doble;13;Belgrano;117.13;2024;tarde;29
15130;CALVO, CARLOS;Ciclovías mano doble;3;San Cristobal;139.65;2024;tarde;122
1590;IBERA;Ciclovías mano doble;13;Nuñez;105.96;2024;tarde;98
825;PINTO;Ciclovías mano doble;12;Saavedra;65.60;2024;tarde;3
10463;ECUADOR;Ciclovías mano doble;3;Balvanera;127.33;2024;tarde;120
20623;POLA;Ciclovías mano doble;9;Liniers;146.74;2024;tarde;70
2729;BLANCO ENCALADA;Ciclovías mano doble;13;Belgrano;107.57;2024;tarde;142
7729;ARENALES;Ciclovías mano doble;1;Retiro;143.25;2024;tarde;130
14276;DEAN FUNES;Ciclovías mano doble;3;Balvanera;81.23;2024;tarde;31
3557;BLANCO ENCALADA;Ciclovías mano doble;12;Villa Urquiza;159.93;2024;tarde;142
15234;CHIVILCOY;Ciclovías mano doble;10;Floresta;69.70;2024;tarde;118
14573;DEAN FUNES;Ciclovías mano doble;3;San Cristobal;124.87;2024;tarde;31
17397;COMBATE DE LOS POZOS;Ciclovías mano doble;4;Parque Patricios;129.94;2024;tarde;0
18003;BONIFACIO, JOSE;Ciclovías mano doble;7;Flores;134.24;2024;tarde;97
799;AMENABAR;Ciclovías mano doble;12;Saavedra;119.03;2024;tarde;227
10946;CHIVILCOY;Ciclovías mano doble;11;Villa Devoto;104.55;2024;tarde;118
9535;BOUCHARD;Ciclovías mano doble;1;San Nicolas;144.32;2024;tarde;19
15089;MENDEZ DE ANDES;Ciclovías mano doble;7;Flores;60.85;2024;tarde;85
11392;MONTEVIDEO;Ciclovías mano doble;1;San Nicolas;140.36;2024;tarde;226
7938;GORRITI;Ciclovías mano doble;14;Palermo;79.47;2024;tarde;235
16514;GRANADEROS;Ciclovías mano doble;7;Flores;138.10;2024;tarde;85
20820;RODO, JOSE E.;Ciclovías mano doble;9;Parque Avellaneda;127.16;2024;tarde;28
646;PEDRAZA, MANUELA;Ciclovías mano doble;13;Nuñez;72.41;2024;tarde;44
8382;ALVAREZ, JULIAN;Ciclovías mano doble;15;Villa Crespo;123.69;2024;tarde;173
17108;RIGLOS;Ciclovías mano doble;7;Parque Chacabuco;149.55;2024;tarde;106
21109;RODO, JOSE E.;Ciclovías mano doble;9;Parque Avellaneda;92.30;2024;tarde;28
15774;VALLE;Ciclovías mano doble;6;Caballito;84.55;2024;tarde;106
14674;DOBLAS;Ciclovías mano doble;6;Caballito;121.95;2024;tarde;96
5224;GORRITI;Ciclovías mano doble;14;Palermo;129.55;2024;tarde;235
1786;IBERA;Ciclovías mano doble;12;Coghlan;67.41;2024;tarde;98
934;AMENABAR;Ciclovías mano doble;13;Nuñez;144.35;2024;tarde;227
21173;PRIMERA JUNTA;Ciclovías mano doble;7;Flores;124.30;2024;tarde;39
12759;TACUARI;Ciclovías mano doble;1;Monserrat;128.23;2024;tarde;222
11547;FRAGATA PRES. SARMIENTO;Ciclovías mano doble;6;Caballito;97.21;2024;tarde;105
8555;ECUADOR;Ciclovías mano doble;2;Recoleta;97.18;2024;tarde;120
16893;GONZALEZ, ELPIDIO;Ciclovías mano doble;10;Villa Luro;64.13;2024;tarde;100
16568;LINIERS VIRREY;Ciclovías mano doble;5;Boedo;113.75;2024;tarde;0
17195;MORON;Ciclovías mano doble;10;Velez Sarsfield;114.49;2024;tarde;67
9260;TUCUMAN;Ciclovías mano doble;3;Balvanera;158.42;2024;tarde;225
14358;TACUARI;Ciclovías mano doble;1;Constitucion;134.16;2024;tarde;222
7020;GORRITI;Ciclovías mano doble;14;Palermo;123.75;2024;tarde;235
14370;CALVO, CARLOS;Ciclovías mano doble;1;Constitucion;42.02;2024;tarde;122
7956;URIBURU JOSE E., PRES.;Ciclovías mano doble;2;Recoleta;112.65;2024;tarde;148
8787;OROÑO, NICASIO;Ciclovías mano doble;15;Paternal;122.71;2024;tarde;16
17852;HUGO, VICTOR;Ciclovías mano doble;10;Villa Luro;127.88;2024;tarde;31
23105;PATRON;Ciclovías mano doble;9;Liniers;67.18;2024;tarde;43
16107;PAVON;Ciclovías mano doble;1;Constitucion;136.47;2024;tarde;36
15224;GRANADEROS;Ciclovías mano doble;7;Flores;141.25;2024;tarde;85
1656;GOLFARINI, JUAN ANGEL, DR.;Ciclovías mano doble;13;Belgrano;127.07;2024;tarde;64
12540;GARCIA, JUAN AGUSTIN;Ciclovías mano doble;11;Villa Santa Rita;55.93;2024;tarde;59
497;CUBA;Ciclovías mano doble;13;Nuñez;45.47;2024;tarde;37
17706;ESTRADA;Ciclovías mano doble;7;Parque Chacabuco;111.54;2024;tarde;19
9072;SUIPACHA;Ciclovías mano doble;1;San Nicolas;128.97;2024;tarde;132
2632;SUPERI;Ciclovías mano doble;13;Belgrano;126.06;2024;tarde;315
12264;AZOPARDO;Ciclovías mano doble;1;Monserrat;52.94;2024;tarde;0
10938;POTOSI;Ciclovías mano doble;5;Almagro;119.04;2024;tarde;189
1997;TRONADOR;Ciclovías mano doble;12;Coghlan;9.40;2024;tarde;24
3194;MOLDES;Ciclovías mano doble;13;Colegiales;93.85;2024;tarde;64
3948;LA PAMPA;Ciclovías mano doble;12;Villa Urquiza;104.71;2024;tarde;315
8305;ALVEAR, MARCELO T. DE;Ciclovías mano doble;1;Retiro;135.55;2024;tarde;49
17328;TACUARI;Ciclovías mano doble;4;Barracas;68.65;2024;tarde;222
11226;BOLIVAR;Ciclovías mano doble;1;Monserrat;54.12;2024;tarde;27
6080;ROSETI;Ciclovías mano doble;15;Chacarita;211.78;2024;tarde;80
14133;DIAZ, CESAR, GRAL.;Ciclovías mano doble;11;Villa Santa Rita;134.04;2024;tarde;96
13681;CHILE;Ciclovías mano doble;3;Balvanera;144.77;2024;tarde;84
19547;USPALLATA;Ciclovías mano doble;4;Parque Patricios;133.96;2024;tarde;0
17579;CEVALLOS, VIRREY;Ciclovías mano doble;1;Constitucion;134.12;2024;tarde;275
21378;HORNOS, GRAL.;Ciclovías mano doble;4;Barracas;47.53;2024;tarde;56
12167;VALLESE, FELIPE;Ciclovías mano doble;6;Caballito;101.60;2024;tarde;100
17016;GONZALEZ, ELPIDIO;Ciclovías mano doble;10;Villa Luro;63.31;2024;tarde;100
8539;OROÑO, NICASIO;Ciclovías mano doble;15;Paternal;150.05;2024;tarde;16
1995;PEDRAZA, MANUELA;Ciclovías mano doble;12;Coghlan;112.17;2024;tarde;44
22672;POLA;Ciclovías mano doble;9;Mataderos;72.50;2024;tarde;70
22824;PATRON;Ciclovías mano doble;9;Liniers;96.02;2024;tarde;43
24284;RODO, JOSE E.;Ciclovías mano doble;9;Mataderos;127.23;2024;tarde;28
2017;ECHEVERRIA;Ciclovías mano doble;13;Belgrano;100.40;2024;tarde;193
9951;URIBURU JOSE E., PRES.;Ciclovías mano doble;3;Balvanera;122.70;2024;tarde;148
12697;VALLESE, FELIPE;Ciclovías mano doble;6;Caballito;100.59;2024;tarde;100
7830;ARENALES;Ciclovías mano doble;2;Recoleta;92.98;2024;tarde;130
14132;CEVALLOS, VIRREY;Ciclovías mano doble;1;Constitucion;97.23;2024;tarde;275
12498;SASTRE, MARCOS;Ciclovías mano doble;10;Monte Castro;97.97;2024;tarde;60
6340;AZCUENAGA;Ciclovías mano doble;2;Recoleta;124.29;2024;tarde;109
13336;BOLIVAR;Ciclovías mano doble;1;Monserrat;130.46;2024;tarde;27
21054;PEDERNERA;Ciclovías mano doble;7;Flores;87.62;2024;tarde;39
18750;BONIFACIO, JOSE;Ciclovías mano doble;7;Flores;116.08;2024;tarde;97
15470;GONZALEZ, ELPIDIO;Ciclovías mano doble;10;Monte Castro;87.79;2024;tarde;100
14497;CALVO, CARLOS;Ciclovías mano doble;1;Constitucion;131.16;2024;tarde;122
8860;ALVAREZ, JULIAN;Ciclovías mano doble;15;Villa Crespo;125.00;2024;tarde;173
14625;GONZALEZ, ELPIDIO;Ciclovías mano doble;10;Monte Castro;52.45;2024;tarde;100
6570;ALVAREZ, JULIAN;Ciclovías mano doble;14;Palermo;95.59;2024;tarde;173
10312;TRES ARROYOS;Ciclovías mano doble;15;Villa Crespo;112.84;2024;tarde;242
7974;GORRITI;Ciclovías mano doble;14;Palermo;114.51;2024;tarde;235
11377;BOLIVAR;Ciclovías mano doble;1;Monserrat;57.20;2024;tarde;27
7823;ARENALES;Ciclovías mano doble;1;Retiro;135.18;2024;tarde;130
18678;FINOCHIETTO ENRIQUE DR.;Ciclovías mano única;4;Barracas;138.76;2024;tarde;0
8372;ALVEAR, MARCELO T. DE;Ciclovías mano doble;2;Recoleta;127.06;2024;tarde;49
17482;USPALLATA;Ciclovías mano doble;4;Barracas;100.63;2024;tarde;0
16582;TREINTA Y TRES ORIENTALES;Ciclovías mano doble;5;Boedo;72.47;2024;tarde;106
13630;BOLIVAR;Ciclovías mano doble;1;San Telmo;125.22;2024;tarde;27
14318;BOLIVAR;Ciclovías mano doble;1;San Telmo;122.33;2024;tarde;27
17092;LINIERS VIRREY;Ciclovías mano doble;5;Boedo;87.44;2024;tarde;0
19142;USPALLATA;Ciclovías mano doble;4;Parque Patricios;98.01;2024;tarde;0
12337;ALSINA, ADOLFO;Ciclovías mano doble;3;Balvanera;126.38;2024;tarde;0
18603;HORNOS, GRAL.;Ciclovías mano doble;4;Barracas;153.46;2024;tarde;56
8187;ACUÑA DE FIGUEROA, FRANCISCO;Ciclovías mano doble;14;Palermo;119.87;2024;tarde;74
12378;ALSINA, ADOLFO;Ciclovías mano doble;3;Balvanera;124.86;2024;tarde;0
18029;BILBAO, FRANCISCO;Ciclovías mano doble;7;Flores;110.23;2024;tarde;11
9099;TUCUMAN;Ciclovías mano doble;5;Almagro;136.37;2024;tarde;225
16226;RIGLOS;Ciclovías mano doble;6;Caballito;60.68;2024;tarde;106
10174;ECUADOR;Ciclovías mano doble;3;Balvanera;141.91;2024;tarde;120
8392;ALVEAR, MARCELO T. DE;Ciclovías mano doble;2;Recoleta;122.42;2024;tarde;49
4044;LA PAMPA;Ciclovías mano doble;12;Villa Urquiza;104.93;2024;tarde;315
6072;GRIVEO;Ciclovías mano doble;12;Villa Pueyrredon;75.26;2024;tarde;55
8611;URIBURU JOSE E., PRES.;Ciclovías mano doble;2;Recoleta;138.17;2024;tarde;148
2801;BLANCO ENCALADA;Ciclovías mano doble;13;Belgrano;104.29;2024;tarde;142
10587;TRES ARROYOS;Ciclovías mano doble;6;Caballito;51.62;2024;tarde;242
1840;SUPERI;Ciclovías mano doble;12;Coghlan;120.49;2024;tarde;315
17574;LINIERS VIRREY;Ciclovías mano doble;5;Boedo;71.79;2024;tarde;0
20353;POLA;Ciclovías mano doble;9;Liniers;91.90;2024;tarde;70
4526;BLANCO ENCALADA;Ciclovías mano doble;12;Villa Urquiza;119.79;2024;tarde;142
17306;DEAN FUNES;Ciclovías mano doble;4;Parque Patricios;132.05;2024;tarde;31
18768;PICHEUTA;Ciclovías mano doble;7;Parque Chacabuco;84.82;2024;tarde;53
7247;ALVAREZ, JULIAN;Ciclovías mano doble;14;Palermo;10.59;2024;tarde;173
7402;AZCUENAGA;Ciclovías mano doble;2;Recoleta;124.57;2024;tarde;109
19451;RONDEAU;Ciclovías mano doble;5;Boedo;70.61;2024;tarde;0
12581;VALLESE, FELIPE;Ciclovías mano doble;6;Caballito;26.68;2024;tarde;100
15309;ESTADOS UNIDOS;Ciclovías mano doble;5;Boedo;127.93;2024;tarde;156
8888;BILLINGHURST;Ciclovías mano doble;5;Almagro;174.00;2024;tarde;0
21280;BALBASTRO;Ciclovías mano doble;7;Flores;185.82;2024;tarde;15
4841;FREIRE, RAMON, CAP. GRAL.;Ciclovías mano doble;13;Colegiales;146.02;2024;tarde;98
14126;FRAGATA PRES. SARMIENTO;Ciclovías mano doble;6;Caballito;121.09;2024;tarde;105
6828;MONTEVIDEO;Ciclovías mano doble;2;Recoleta;142.72;2024;tarde;226
33111;RODO, JOSE E.;Ciclovías mano doble;9;Parque Avellaneda;43.03;2024;tarde;28
13526;CEVALLOS, VIRREY;Ciclovías mano doble;1;Monserrat;129.32;2024;tarde;275
1893;AMENABAR;Ciclovías mano doble;13;Belgrano;100.75;2024;tarde;227
9334;TRES ARROYOS;Ciclovías mano doble;15;Villa Crespo;40.94;2024;tarde;242
9160;BOUCHARD;Ciclovías mano doble;1;San Nicolas;125.03;2024;tarde;19
26859;UNANUE;Ciclovías mano única;8;Villa Lugano;87.07;2024;tarde;11
22023;PRIMERA JUNTA;Ciclovías mano doble;9;Parque Avellaneda;151.19;2024;tarde;39
19463;USPALLATA;Ciclovías mano doble;4;Parque Patricios;136.51;2024;tarde;0
5615;LA PAMPA;Ciclovías mano doble;12;Villa Urquiza;119.91;2024;tarde;315
11133;TRES ARROYOS;Ciclovías mano doble;6;Caballito;116.99;2024;tarde;242
10828;SAN MARTIN;Ciclovías mano doble;1;San Nicolas;128.44;2024;tarde;57
17932;MORON;Ciclovías mano doble;10;Velez Sarsfield;72.39;2024;tarde;67
18907;RONDEAU;Ciclovías mano doble;4;Parque Patricios;161.20;2024;tarde;0
22989;PATRON;Ciclovías mano doble;9;Liniers;90.94;2024;tarde;43
4885;MARTINEZ, ENRIQUE, GRAL.;Ciclovías mano doble;13;Colegiales;49.34;2024;tarde;11
12120;ALSINA, ADOLFO;Ciclovías mano doble;3;Balvanera;134.74;2024;tarde;0
12616;GARCIA, JUAN AGUSTIN;Ciclovías mano doble;11;Villa Santa Rita;49.22;2024;tarde;59
9530;MONTEVIDEO;Ciclovías mano doble;1;San Nicolas;120.65;2024;tarde;226
1989;IBERA;Ciclovías mano doble;12;Coghlan;105.08;2024;tarde;98
29830;DORREGO;Ciclovías mano doble;14;Palermo;25.82;2024;tarde;82
10790;ECUADOR;Ciclovías mano doble;3;Balvanera;154.73;2024;tarde;120
15613;CHIVILCOY;Ciclovías mano doble;10;Floresta;136.37;2024;tarde;118
12417;DON BOSCO;Ciclovías mano doble;5;Almagro;125.34;2024;tarde;70
1225;IBERA;Ciclovías mano doble;13;Nuñez;95.64;2024;tarde;98
5887;ALVAREZ, JULIAN;Ciclovías mano doble;14;Palermo;79.05;2024;tarde;173
22198;HORNOS, GRAL.;Ciclovías mano doble;4;Barracas;294.77;2024;tarde;56
30052;LIMA;Ciclovías mano doble;1;Constitucion;65.59;2024;tarde;0
3822;BLANCO ENCALADA;Ciclovías mano doble;12;Villa Urquiza;140.01;2024;tarde;142
8960;URIBURU JOSE E., PRES.;Ciclovías mano doble;2;Recoleta;168.34;2024;tarde;148
17499;GONZALEZ, ELPIDIO;Ciclovías mano doble;10;Villa Luro;127.41;2024;tarde;100
15725;VALLE;Ciclovías mano doble;6;Caballito;136.97;2024;tarde;106
27100;UNANUE;Ciclovías mano única;8;Villa Lugano;103.76;2024;tarde;11
20864;RODO, JOSE E.;Ciclovías mano doble;9;Parque Avellaneda;76.36;2024;tarde;28
21243;HORNOS, GRAL.;Ciclovías mano doble;4;Barracas;50.44;2024;tarde;56
4531;MONROE;Ciclovías mano doble;12;Villa Urquiza;165.89;2024;tarde;67
18875;LAS CASAS;Ciclovías mano doble;5;Boedo;138.26;2024;tarde;0
8370;ECUADOR;Ciclovías mano doble;2;Recoleta;139.67;2024;tarde;120
7961;GORRITI;Ciclovías mano doble;14;Palermo;139.67;2024;tarde;235
7709;ARENALES;Ciclovías mano doble;1;Retiro;84.70;2024;tarde;130
7672;GALLO;Ciclovías mano doble;2;Recoleta;22.70;2024;tarde;0
12313;DIAZ, CESAR, GRAL.;Ciclovías mano doble;11;Villa Gral. Mitre;141.39;2024;tarde;96
2592;PEDRAZA, MANUELA;Ciclovías mano doble;12;Villa Urquiza;119.98;2024;tarde;44
8976;SAN MARTIN;Ciclovías mano doble;1;San Nicolas;129.48;2024;tarde;57
15598;DEAN FUNES;Ciclovías mano doble;3;San Cristobal;135.66;2024;tarde;31
6630;NUEVA YORK;Ciclovías mano doble;15;Agronomia;64.74;2024;tarde;24
3515;AMENABAR;Ciclovías mano doble;13;Colegiales;100.42;2024;tarde;227
2385;PEDRAZA, MANUELA;Ciclovías mano doble;12;Villa Urquiza;100.80;2024;tarde;44
1646;MILLER;Ciclovías mano doble;12;Saavedra;73.40;2024;tarde;67
17402;DEAN FUNES;Ciclovías mano doble;4;Parque Patricios;33.74;2024;tarde;31
13430;CHILE;Ciclovías mano única;1;Monserrat;135.43;2024;tarde;84
15903;CONSTITUCION;Ciclovías mano doble;3;San Cristobal;111.00;2024;tarde;0
20963;PRIMERA JUNTA;Ciclovías mano doble;7;Flores;124.06;2024;tarde;39
5792;ALVAREZ, JULIAN;Ciclovías mano doble;14;Palermo;97.41;2024;tarde;173
9868;ALVAREZ, JULIAN;Ciclovías mano doble;15;Villa Crespo;146.57;2024;tarde;173
1553;MILLER;Ciclovías mano doble;12;Saavedra;45.33;2024;tarde;67
16915;MORON;Ciclovías mano doble;10;Velez Sarsfield;116.45;2024;tarde;67
21548;PRIMERA JUNTA;Ciclovías mano doble;9;Parque Avellaneda;112.33;2024;tarde;39
10273;URIBURU JOSE E., PRES.;Ciclovías mano doble;3;Balvanera;142.21;2024;tarde;148
2951;PEDRAZA, MANUELA;Ciclovías mano doble;12;Villa Urquiza;61.55;2024;tarde;44
7357;ALVAREZ, JULIAN;Ciclovías mano doble;14;Palermo;92.80;2024;tarde;173
8774;SUIPACHA;Ciclovías mano doble;1;Retiro;138.42;2024;tarde;132
15193;MORON;Ciclovías mano doble;7;Flores;138.03;2024;tarde;67
325;CUBA;Ciclovías mano doble;13;Nuñez;101.48;2024;tarde;37
4527;CERETTI;Ciclovías mano doble;12;Villa Urquiza;116.07;2024;tarde;61
1941;IBERA;Ciclovías mano doble;12;Coghlan;100.09;2024;tarde;98
7643;BILLINGHURST;Ciclovías mano doble;2;Recoleta;107.31;2024;tarde;0
11291;GARCIA, JUAN AGUSTIN;Ciclovías mano doble;11;Villa Gral. Mitre;66.87;2024;tarde;59
17847;MORON;Ciclovías mano doble;10;Velez Sarsfield;175.40;2024;tarde;67
12037;BOLIVAR;Ciclovías mano doble;1;Monserrat;127.11;2024;tarde;27
11200;PELLEGRINI, CARLOS;Ciclovías mano doble;1;San Nicolas;124.26;2024;tarde;0
6189;ALVAREZ, JULIAN;Ciclovías mano doble;14;Palermo;124.48;2024;tarde;173
13348;SAN NICOLAS;Ciclovías mano doble;11;Villa Santa Rita;137.06;2024;tarde;36
587;PEDRAZA, MANUELA;Ciclovías mano doble;13;Nuñez;100.01;2024;tarde;44
9316;HUMAHUACA;Ciclovías mano doble;5;Almagro;111.35;2024;tarde;245
22145;RODO, JOSE E.;Ciclovías mano doble;9;Parque Avellaneda;77.14;2024;tarde;28
12290;MISIONES;Ciclovías mano doble;3;Balvanera;130.52;2024;tarde;0
17692;COMBATE DE LOS POZOS;Ciclovías mano doble;4;Parque Patricios;114.74;2024;tarde;0
2382;MILLER;Ciclovías mano doble;12;Villa Urquiza;123.00;2024;tarde;67
12389;GARCIA, JUAN AGUSTIN;Ciclovías mano doble;11;Villa Santa Rita;68.69;2024;tarde;59
16754;PAVON;Ciclovías mano doble;3;San Cristobal;157.33;2024;tarde;36
16601;BOLIVAR;Ciclovías mano doble;4;Barracas;112.49;2024;tarde;27
17752;BONIFACIO, JOSE;Ciclovías mano doble;7;Flores;129.06;2024;tarde;97
11307;CASTELLI;Ciclovías mano doble;3;Balvanera;126.73;2024;tarde;0
18238;CEVALLOS, VIRREY;Ciclovías mano doble;1;Constitucion;109.80;2024;tarde;275
418;CUBA;Ciclovías mano doble;13;Nuñez;92.32;2024;tarde;37
4612;MONROE;Ciclovías mano doble;12;Villa Urquiza;76.65;2024;tarde;67
17760;ESTRADA;Ciclovías mano doble;7;Parque Chacabuco;146.49;2024;tarde;19
13842;FRAGATA PRES. SARMIENTO;Ciclovías mano doble;6;Caballito;137.07;2024;tarde;105
2827;AMENABAR;Ciclovías mano doble;13;Belgrano;102.30;2024;tarde;227
1098;MILLER;Ciclovías mano doble;12;Saavedra;100.52;2024;tarde;67
8006;BILLINGHURST;Ciclovías mano doble;2;Recoleta;100.80;2024;tarde;0
19658;DOBLAS;Ciclovías mano doble;7;Parque Chacabuco;146.85;2024;tarde;96
4509;MARTINEZ, ENRIQUE, GRAL.;Ciclovías mano doble;13;Colegiales;117.48;2024;tarde;11
13531;MENDEZ DE ANDES;Ciclovías mano doble;6;Caballito;143.61;2024;tarde;85
12289;ALSINA, ADOLFO;Ciclovías mano doble;3;Balvanera;102.04;2024;tarde;0
2393;ECHEVERRIA;Ciclovías mano doble;13;Belgrano;100.70;2024;tarde;193
24107;POLA;Ciclovías mano doble;9;Mataderos;125.80;2024;tarde;70
7661;JUNCAL;Ciclovías mano doble;2;Recoleta;115.82;2024;tarde;134
27633;CUBA;Ciclovías mano doble;13;Nuñez;22.66;2024;tarde;37
11374;GARCIA, JUAN AGUSTIN;Ciclovías mano doble;11;Villa Gral. Mitre;67.52;2024;tarde;59
9871;ACUÑA DE FIGUEROA, FRANCISCO;Ciclovías mano doble;5;Almagro;141.24;2024;tarde;74
15629;BOLIVAR;Ciclovías mano doble;1;San Telmo;131.67;2024;tarde;27
7678;JUNCAL;Ciclovías mano doble;2;Recoleta;85.75;2024;tarde;134
17849;GONZALEZ, ELPIDIO;Ciclovías mano doble;10;Versalles;102.56;2024;tarde;100
16629;MORON;Ciclovías mano doble;10;Floresta;117.99;2024;tarde;67
3335;MOLDES;Ciclovías mano doble;13;Colegiales;94.82;2024;tarde;64
9627;TUCUMAN;Ciclovías mano doble;3;Balvanera;131.84;2024;tarde;225
7049;MONTEVIDEO;Ciclovías mano doble;2;Recoleta;141.91;2024;tarde;226
1551;SUPERI;Ciclovías mano doble;12;Coghlan;99.00;2024;tarde;315
12164;PASCO;Ciclovías mano doble;3;Balvanera;132.11;2024;tarde;192
2066;AMENABAR;Ciclovías mano doble;13;Belgrano;127.08;2024;tarde;227
16455;MORON;Ciclovías mano doble;10;Floresta;132.22;2024;tarde;67
13723;GONZALEZ, ELPIDIO;Ciclovías mano doble;10;Monte Castro;116.42;2024;tarde;100
14368;CALVO, CARLOS;Ciclovías mano doble;1;Constitucion;38.80;2024;tarde;122
8358;ALVEAR, MARCELO T. DE;Ciclovías mano doble;2;Recoleta;136.49;2024;tarde;49
18809;LAS CASAS;Ciclovías mano doble;5;Boedo;104.85;2024;tarde;0
4416;MARTINEZ, ENRIQUE, GRAL.;Ciclovías mano doble;13;Colegiales;97.95;2024;tarde;11
15238;CALVO, CARLOS;Ciclovías mano doble;5;Boedo;27.50;2024;tarde;122
14452;CALVO, CARLOS;Ciclovías mano doble;1;Constitucion;139.66;2024;tarde;122
28001;ALVAREZ, JULIAN;Ciclovías mano doble;15;Villa Crespo;8.78;2024;tarde;173
16858;PAVON;Ciclovías mano doble;3;San Cristobal;143.66;2024;tarde;36
13985;RINCON;Ciclovías mano doble;3;Balvanera;131.50;2024;tarde;0
13372;MENDEZ DE ANDES;Ciclovías mano doble;6;Caballito;85.84;2024;tarde;85
7398;MONTEVIDEO;Ciclovías mano doble;2;Recoleta;134.08;2024;tarde;226
10933;POTOSI;Ciclovías mano doble;5;Almagro;78.34;2024;tarde;189
7850;GORRITI;Ciclovías mano doble;14;Palermo;102.61;2024;tarde;235
4932;GUATEMALA;Ciclovías mano doble;14;Palermo;117.01;2024;tarde;98
14893;MENDEZ DE ANDES;Ciclovías mano doble;7;Flores;96.70;2024;tarde;85
18188;ESTRADA;Ciclovías mano doble;7;Parque Chacabuco;27.28;2024;tarde;19
21370;RODO, JOSE E.;Ciclovías mano doble;9;Parque Avellaneda;46.59;2024;tarde;28
15959;GONZALEZ, ELPIDIO;Ciclovías mano doble;10;Monte Castro;166.50;2024;tarde;100
1433;MILLER;Ciclovías mano doble;12;Saavedra;49.77;2024;tarde;67
764;PEDRAZA, MANUELA;Ciclovías mano doble;13;Nuñez;46.23;2024;tarde;44
32876;CAMPOS SALLES;Ciclovías mano doble;13;Nuñez;677.10;2024;tarde;9
11744;CHIVILCOY;Ciclovías mano doble;11;Villa Devoto;117.86;2024;tarde;118
9473;ECUADOR;Ciclovías mano doble;3;Balvanera;105.07;2024;tarde;120
8366;ALVEAR, MARCELO T. DE;Ciclovías mano doble;2;Recoleta;42.48;2024;tarde;49
15590;LINIERS VIRREY;Ciclovías mano doble;5;Boedo;97.14;2024;tarde;0
19245;BONIFACIO, JOSE;Ciclovías mano doble;10;Floresta;100.92;2024;tarde;97
11635;CASTELLI;Ciclovías mano doble;3;Balvanera;141.98;2024;tarde;0
8701;ALVAREZ, JULIAN;Ciclovías mano doble;15;Villa Crespo;125.15;2024;tarde;173
14395;DOBLAS;Ciclovías mano única;6;Caballito;128.32;2024;tarde;96
6448;ALVAREZ, JULIAN;Ciclovías mano doble;14;Palermo;158.55;2024;tarde;173
4669;LA PAMPA;Ciclovías mano doble;12;Villa Urquiza;134.06;2024;tarde;315
1238;CUBA;Ciclovías mano doble;13;Nuñez;137.56;2024;tarde;37
12247;ALSINA, ADOLFO;Ciclovías mano doble;3;Balvanera;113.54;2024;tarde;0
21595;PATRON;Ciclovías mano doble;9;Liniers;117.61;2024;tarde;43
2548;11 DE SEPTIEMBRE DE 1888;Ciclovías mano doble;13;Belgrano;126.72;2024;tarde;29
15749;VALLE;Ciclovías mano doble;6;Caballito;58.80;2024;tarde;106
23164;RODO, JOSE E.;Ciclovías mano doble;9;Mataderos;42.35;2024;tarde;28
8658;MONTEVIDEO;Ciclovías mano doble;2;Recoleta;142.50;2024;tarde;226
30009;PEDRAZA, MANUELA;Ciclovías mano doble;13;Nuñez;43.98;2024;tarde;44
1883;MILLER;Ciclovías mano doble;12;Saavedra;101.19;2024;tarde;67
9156;ACUÑA DE FIGUEROA, FRANCISCO;Ciclovías mano doble;5;Almagro;131.40;2024;tarde;74
12454;RINCON;Ciclovías mano doble;3;Balvanera;132.31;2024;tarde;0
8004;GORRITI;Ciclovías mano doble;14;Palermo;156.07;2024;tarde;235
4620;GUATEMALA;Ciclovías mano doble;14;Palermo;129.12;2024;tarde;98
14472;CALVO, CARLOS;Ciclovías mano doble;1;Constitucion;124.92;2024;tarde;122
10348;SUIPACHA;Ciclovías mano doble;1;San Nicolas;7.74;2024;tarde;132
15077;ESTADOS UNIDOS;Ciclovías mano doble;5;Boedo;131.69;2024;tarde;156
18198;LINIERS VIRREY;Ciclovías mano doble;5;Boedo;146.23;2024;tarde;0
14099;CHIVILCOY;Ciclovías mano doble;10;Floresta;68.77;2024;tarde;118
12364;SANCHEZ DE LORIA;Ciclovías mano doble;3;Balvanera;129.44;2024;tarde;56
14691;SASTRE, MARCOS;Ciclovías mano doble;10;Monte Castro;71.59;2024;tarde;60
14530;MENDEZ DE ANDES;Ciclovías mano doble;7;Flores;133.13;2024;tarde;85
9636;HUMAHUACA;Ciclovías mano doble;5;Almagro;132.72;2024;tarde;245
22755;RODO, JOSE E.;Ciclovías mano doble;9;Mataderos;102.73;2024;tarde;28
1983;MILLER;Ciclovías mano doble;12;Saavedra;139.17;2024;tarde;67
4943;CERETTI;Ciclovías mano doble;12;Villa Urquiza;68.16;2024;tarde;61
9188;PADILLA;Ciclovías mano doble;15;Villa Crespo;130.44;2024;tarde;86
3043;BLANCO ENCALADA;Ciclovías mano doble;12;Villa Urquiza;115.97;2024;tarde;142
11587;LAMAS, ANDRES;Ciclovías mano doble;11;Villa Gral. Mitre;34.49;2024;tarde;93
4314;BLANCO ENCALADA;Ciclovías mano doble;12;Villa Urquiza;120.96;2024;tarde;142
15400;SASTRE, MARCOS;Ciclovías mano doble;10;Monte Castro;136.30;2024;tarde;60
16855;DOBLAS;Ciclovías mano doble;7;Parque Chacabuco;149.28;2024;tarde;96
14616;BOLIVAR;Ciclovías mano doble;1;San Telmo;124.32;2024;tarde;27
6427;HUMBOLDT;Ciclovías mano doble;14;Palermo;120.90;2024;tarde;185
912;MONROE;Ciclovías mano doble;13;Belgrano;130.45;2024;tarde;67
1839;IBERA;Ciclovías mano doble;12;Coghlan;105.25;2024;tarde;98
9633;ALVAREZ, JULIAN;Ciclovías mano doble;15;Villa Crespo;141.95;2024;tarde;173
17173;TACUARI;Ciclovías mano doble;4;Barracas;129.64;2024;tarde;222
33090;HORNOS, GRAL.;Ciclovías mano doble;4;Barracas;37.16;2024;tarde;56
19438;PICHEUTA;Ciclovías mano doble;7;Parque Chacabuco;65.42;2024;tarde;53
15824;VALLE;Ciclovías mano doble;6;Caballito;94.45;2024;tarde;106
15573;VALLE;Ciclovías mano doble;6;Caballito;127.07;2024;tarde;106
9227;BILLINGHURST;Ciclovías mano doble;5;Almagro;130.75;2024;tarde;0
23400;RODO, JOSE E.;Ciclovías mano doble;9;Mataderos;103.82;2024;tarde;28
5297;ROSETI;Ciclovías mano doble;15;Chacarita;131.54;2024;tarde;80
7719;GORRITI;Ciclovías mano doble;14;Palermo;100.84;2024;tarde;235
19226;RONDEAU;Ciclovías mano doble;5;Boedo;90.13;2024;tarde;0
17617;BONIFACIO, JOSE;Ciclovías mano doble;7;Flores;114.10;2024;tarde;97
11805;TACUARI;Ciclovías mano doble;1;Monserrat;126.79;2024;tarde;222
12008;TRES ARROYOS;Ciclovías mano doble;11;Villa Gral. Mitre;72.15;2024;tarde;242
30603;MONROE;Ciclovías mano doble;12;Villa Pueyrredon;27.48;2024;tarde;67
7230;ACUÑA DE FIGUEROA, FRANCISCO;Ciclovías mano doble;14;Palermo;169.83;2024;tarde;74
12469;IRIGOYEN, BERNARDO DE;Ciclovías mano doble;1;Monserrat;134.01;2024;tarde;125
680;AMENABAR;Ciclovías mano doble;12;Saavedra;16.58;2024;tarde;227
11268;LAMAS, ANDRES;Ciclovías mano doble;11;Villa Gral. Mitre;119.10;2024;tarde;93
10331;BILLINGHURST;Ciclovías mano doble;5;Almagro;115.43;2024;tarde;0
19156;DEAN FUNES;Ciclovías mano doble;4;Parque Patricios;141.46;2024;tarde;31
1340;AMENABAR;Ciclovías mano doble;13;Nuñez;103.94;2024;tarde;227
10637;URIBURU JOSE E., PRES.;Ciclovías mano doble;3;Balvanera;160.88;2024;tarde;148
3876;LA PAMPA;Ciclovías mano doble;12;Villa Urquiza;104.86;2024;tarde;315
8933;ECUADOR;Ciclovías mano doble;3;Balvanera;191.29;2024;tarde;120
16354;DEAN FUNES;Ciclovías mano doble;3;San Cristobal;137.29;2024;tarde;31
3613;LUGONES;Ciclovías mano doble;12;Villa Urquiza;120.30;2024;tarde;142
1750;SUPERI;Ciclovías mano doble;12;Coghlan;149.74;2024;tarde;315
30011;PEDRAZA, MANUELA;Ciclovías mano doble;13;Nuñez;46.43;2024;tarde;44
16275;AZOPARDO;Ciclovías mano doble;4;La Boca;167.28;2024;tarde;0
16715;BOLIVAR;Ciclovías mano doble;4;Barracas;47.11;2024;tarde;27
11872;BILLINGHURST;Ciclovías mano doble;5;Almagro;153.27;2024;tarde;0
13559;SASTRE, MARCOS;Ciclovías mano doble;10;Monte Castro;103.00;2024;tarde;60
18925;PICHEUTA;Ciclovías mano doble;7;Parque Chacabuco;69.86;2024;tarde;53
3513;MOLDES;Ciclovías mano doble;13;Colegiales;113.06;2024;tarde;64
10121;BOUCHARD;Ciclovías mano doble;1;San Nicolas;150.69;2024;tarde;19
6041;GORRITI;Ciclovías mano doble;14;Palermo;55.50;2024;tarde;235
10930;PELLEGRINI, CARLOS;Ciclovías mano doble;1;San Nicolas;130.24;2024;tarde;0
17090;COMBATE DE LOS POZOS;Ciclovías mano doble;4;Parque Patricios;252.26;2024;tarde;0
23694;RODO, JOSE E.;Ciclovías mano doble;9;Mataderos;103.23;2024;tarde;28
15245;ESTADOS UNIDOS;Ciclovías mano doble;5;Boedo;60.45;2024;tarde;156
5730;GRIVEO;Ciclovías mano doble;12;Villa Pueyrredon;74.88;2024;tarde;55
14897;CALVO, CARLOS;Ciclovías mano doble;3;San Cristobal;157.20;2024;tarde;122
13409;CHILE;Ciclovías mano única;1;Monserrat;130.24;2024;tarde;84
26910;UNANUE;Ciclovías mano única;8;Villa Lugano;67.03;2024;tarde;11
4465;LA PAMPA;Ciclovías mano doble;12;Villa Urquiza;47.37;2024;tarde;315
26785;UNANUE;Ciclovías mano única;8;Villa Lugano;106.09;2024;tarde;11
4115;MARTINEZ, ENRIQUE, GRAL.;Ciclovías mano doble;13;Colegiales;82.80;2024;tarde;11
8168;ALVEAR, MARCELO T. DE;Ciclovías mano doble;2;Recoleta;125.38;2024;tarde;49
13456;MEXICO;Ciclovías mano doble;3;Balvanera;87.28;2024;tarde;93
19836;PEDERNERA;Ciclovías mano doble;7;Flores;60.03;2024;tarde;39
6517;AZCUENAGA;Ciclovías mano doble;2;Recoleta;93.72;2024;tarde;109
5089;GODOY CRUZ;Ciclovías mano doble;14;Palermo;144.46;2024;tarde;98
6360;GRIVEO;Ciclovías mano doble;12;Villa Pueyrredon;69.21;2024;tarde;55
32418;YERBAL;Ciclovías mano doble;6;Caballito;30.86;2024;tarde;37
1459;11 DE SEPTIEMBRE DE 1888;Ciclovías mano doble;13;Belgrano;60.89;2024;tarde;29
18137;ESTRADA;Ciclovías mano doble;7;Parque Chacabuco;27.29;2024;tarde;19
12319;ALSINA, ADOLFO;Ciclovías mano doble;3;Balvanera;111.90;2024;tarde;0
9210;MONTEVIDEO;Ciclovías mano doble;1;San Nicolas;141.32;2024;tarde;226
1523;IBERA;Ciclovías mano doble;13;Nuñez;101.31;2024;tarde;98
4198;GUATEMALA;Ciclovías mano doble;14;Palermo;135.69;2024;tarde;98
9658;TUCUMAN;Ciclovías mano doble;3;Balvanera;108.57;2024;tarde;225
7000;AZCUENAGA;Ciclovías mano doble;2;Recoleta;141.26;2024;tarde;109
14956;GONZALEZ, ELPIDIO;Ciclovías mano doble;10;Monte Castro;141.33;2024;tarde;100
15681;VALLE;Ciclovías mano doble;6;Caballito;160.43;2024;tarde;106
17440;DOBLAS;Ciclovías mano doble;7;Parque Chacabuco;119.40;2024;tarde;96
12949;DIAZ, CESAR, GRAL.;Ciclovías mano doble;11;Villa Santa Rita;75.02;2024;tarde;96
5870;GORRITI;Ciclovías mano doble;14;Palermo;115.84;2024;tarde;235
14985;TACUARI;Ciclovías mano doble;1;Constitucion;135.60;2024;tarde;222
12884;GARCIA, JUAN AGUSTIN;Ciclovías mano doble;11;Villa Santa Rita;70.17;2024;tarde;59
11011;TRES ARROYOS;Ciclovías mano doble;6;Caballito;125.72;2024;tarde;242
15317;MORON;Ciclovías mano doble;7;Flores;131.90;2024;tarde;67
8512;BILLINGHURST;Ciclovías mano doble;2;Recoleta;130.13;2024;tarde;0
3281;BLANCO ENCALADA;Ciclovías mano doble;12;Villa Urquiza;108.96;2024;tarde;142
9552;HUMAHUACA;Ciclovías mano doble;5;Almagro;147.69;2024;tarde;245
12003;CEVALLOS, VIRREY;Ciclovías mano doble;1;Monserrat;134.34;2024;tarde;275
2815;11 DE SEPTIEMBRE DE 1888;Ciclovías mano doble;14;Palermo;155.92;2024;tarde;29
15798;CEVALLOS, VIRREY;Ciclovías mano doble;1;Constitucion;118.95;2024;tarde;275
16344;LIMA;Ciclovías mano doble;1;Constitucion;108.31;2024;tarde;0
22201;PATRON;Ciclovías mano doble;9;Liniers;98.28;2024;tarde;43
12163;ALSINA, ADOLFO;Ciclovías mano doble;3;Balvanera;117.02;2024;tarde;0
13484;LINIERS VIRREY;Ciclovías mano doble;5;Almagro;121.86;2024;tarde;0
9389;SUIPACHA;Ciclovías mano doble;1;San Nicolas;127.52;2024;tarde;132
9569;TUCUMAN;Ciclovías mano doble;1;San Nicolas;118.91;2024;tarde;225
6653;ALVAREZ, JULIAN;Ciclovías mano doble;14;Palermo;72.43;2024;tarde;173
13570;AZOPARDO;Ciclovías mano doble;1;San Telmo;138.57;2024;tarde;0
6223;NUEVA YORK;Ciclovías mano doble;15;Agronomia;64.85;2024;tarde;24
13764;DIAZ, CESAR, GRAL.;Ciclovías mano doble;11;Villa Santa Rita;105.07;2024;tarde;96
20942;RODO, JOSE E.;Ciclovías mano doble;9;Parque Avellaneda;41.50;2024;tarde;28
2738;PEDRAZA, MANUELA;Ciclovías mano doble;12;Villa Urquiza;131.59;2024;tarde;44
18154;FINOCHIETTO ENRIQUE DR.;Ciclovías mano doble;4;Barracas;148.17;2024;tarde;0
14520;TREINTA Y TRES ORIENTALES;Ciclovías mano doble;5;Almagro;137.21;2024;tarde;106
17577;ESTRADA;Ciclovías mano doble;7;Parque Chacabuco;61.75;2024;tarde;19
12129;DIAZ, CESAR, GRAL.;Ciclovías mano doble;11;Villa Gral. Mitre;128.66;2024;tarde;96
28821;ARENALES;Ciclovías mano doble;1;Retiro;34.28;2024;tarde;130
17548;ESTRADA;Ciclovías mano doble;7;Parque Chacabuco;64.39;2024;tarde;19
24299;PATRON;Ciclovías mano doble;9;Liniers;103.25;2024;tarde;43
3041;PEDRAZA, MANUELA;Ciclovías mano doble;12;Villa Urquiza;66.30;2024;tarde;44
18196;TREINTA Y TRES ORIENTALES;Ciclovías mano doble;5;Boedo;150.04;2024;tarde;106
1085;MONROE;Ciclovías mano doble;13;Belgrano;6.33;2024;tarde;67
17063;MORON;Ciclovías mano doble;10;Velez Sarsfield;109.41;2024;tarde;67
20824;HORNOS, GRAL.;Ciclovías mano doble;4;Barracas;175.20;2024;tarde;56
4330;GUATEMALA;Ciclovías mano doble;14;Palermo;129.55;2024;tarde;98
22567;POLA;Ciclovías mano doble;9;Mataderos;72.34;2024;tarde;70
16117;PAVON;Ciclovías mano doble;1;Constitucion;127.50;2024;tarde;36
11346;TACUARI;Ciclovías mano doble;1;Monserrat;66.86;2024;tarde;222
12837;SASTRE, MARCOS;Ciclovías mano doble;10;Monte Castro;52.73;2024;tarde;60
8344;ALVEAR, MARCELO T. DE;Ciclovías mano doble;2;Recoleta;113.56;2024;tarde;49
731;SUPERI;Ciclovías mano doble;12;Saavedra;18.33;2024;tarde;315
3594;AMENABAR;Ciclovías mano doble;13;Colegiales;107.76;2024;tarde;227
19051;PICHEUTA;Ciclovías mano doble;7;Parque Chacabuco;49.68;2024;tarde;53
28128;POLA;Ciclovías mano doble;9;Mataderos;13.36;2024;tarde;70
14386;MENDEZ DE ANDES;Ciclovías mano doble;7;Flores;54.92;2024;tarde;85
2016;SUPERI;Ciclovías mano doble;12;Coghlan;133.92;2024;tarde;315
22384;PATRON;Ciclovías mano doble;9;Liniers;104.60;2024;tarde;43
4082;MARTINEZ, ENRIQUE, GRAL.;Ciclovías mano doble;13;Colegiales;104.25;2024;tarde;11
15407;TACUARI;Ciclovías mano doble;1;Constitucion;168.41;2024;tarde;222
7946;GORRITI;Ciclovías mano doble;14;Palermo;157.06;2024;tarde;235
12013;VALLESE, FELIPE;Ciclovías mano doble;6;Caballito;154.55;2024;tarde;100
14043;TACUARI;Ciclovías mano doble;1;Constitucion;108.25;2024;tarde;222
12358;BOLIVAR;Ciclovías mano doble;1;Monserrat;129.36;2024;tarde;27
14430;CALVO, CARLOS;Ciclovías mano doble;1;Constitucion;136.67;2024;tarde;122
18677;LAS CASAS;Ciclovías mano doble;5;Boedo;101.41;2024;tarde;0
15231;DEAN FUNES;Ciclovías mano doble;3;San Cristobal;133.48;2024;tarde;31
5088;GORRITI;Ciclovías mano doble;14;Palermo;140.23;2024;tarde;235
2435;11 DE SEPTIEMBRE DE 1888;Ciclovías mano doble;13;Belgrano;126.51;2024;tarde;29
13491;CHILE;Ciclovías mano doble;1;Monserrat;122.99;2024;tarde;84
16596;LIMA;Ciclovías mano doble;1;Constitucion;99.40;2024;tarde;0
2512;AMENABAR;Ciclovías mano doble;13;Belgrano;128.51;2024;tarde;227
3000;SUPERI;Ciclovías mano doble;13;Belgrano;127.28;2024;tarde;315
18509;BONIFACIO, JOSE;Ciclovías mano doble;7;Flores;125.58;2024;tarde;97
6220;FRENCH;Ciclovías mano doble;2;Recoleta;140.00;2024;tarde;88
23900;PATRON;Ciclovías mano doble;9;Liniers;103.31;2024;tarde;43
11804;ALSINA, ADOLFO;Ciclovías mano única;1;Monserrat;130.79;2024;tarde;0
9578;PADILLA;Ciclovías mano doble;15;Villa Crespo;98.17;2024;tarde;86
1394;MONROE;Ciclovías mano doble;13;Belgrano;116.00;2024;tarde;67
1819;AMENABAR;Ciclovías mano doble;13;Belgrano;101.15;2024;tarde;227
19268;USPALLATA;Ciclovías mano doble;4;Parque Patricios;175.54;2024;tarde;0
13851;MENDEZ DE ANDES;Ciclovías mano doble;6;Caballito;128.09;2024;tarde;85
3342;MILLER;Ciclovías mano doble;12;Villa Urquiza;129.45;2024;tarde;67
11763;DIAZ, CESAR, GRAL.;Ciclovías mano doble;11;Villa Gral. Mitre;60.52;2024;tarde;96
7465;GORRITI;Ciclovías mano doble;14;Palermo;98.65;2024;tarde;235
2286;MILLER;Ciclovías mano doble;12;Villa Urquiza;174.46;2024;tarde;67
14336;GONZALEZ, ELPIDIO;Ciclovías mano doble;10;Monte Castro;116.52;2024;tarde;100
15132;ESTADOS UNIDOS;Ciclovías mano doble;5;Boedo;122.80;2024;tarde;156
14373;CALVO, CARLOS;Ciclovías mano doble;1;Constitucion;140.74;2024;tarde;122
5154;ROSETI;Ciclovías mano doble;15;Chacarita;159.15;2024;tarde;80
12029;ALSINA, ADOLFO;Ciclovías mano doble;1;Monserrat;131.16;2024;tarde;0
1388;IBERA;Ciclovías mano doble;13;Nuñez;81.18;2024;tarde;98
6082;CERETTI;Ciclovías mano doble;15;Parque Chas;95.01;2024;tarde;61
20644;PRIMERA JUNTA;Ciclovías mano doble;7;Flores;127.85;2024;tarde;39
12960;TREINTA Y TRES ORIENTALES;Ciclovías mano doble;5;Almagro;111.52;2024;tarde;106
10875;GARCIA, JUAN AGUSTIN;Ciclovías mano doble;11;Villa Gral. Mitre;123.67;2024;tarde;59
1579;MILLER;Ciclovías mano doble;12;Saavedra;26.58;2024;tarde;67
6822;GRIVEO;Ciclovías mano doble;11;Villa Devoto;58.51;2024;tarde;55
3849;LUGONES;Ciclovías mano doble;12;Villa Urquiza;122.08;2024;tarde;142
11937;ALSINA, ADOLFO;Ciclovías mano única;1;Monserrat;123.10;2024;tarde;0
11678;ALSINA, ADOLFO;Ciclovías mano única;1;Monserrat;128.78;2024;tarde;0
15438;MORON;Ciclovías mano doble;7;Flores;136.00;2024;tarde;67
8466;SUIPACHA;Ciclovías mano doble;1;Retiro;134.69;2024;tarde;132
3199;BLANCO ENCALADA;Ciclovías mano doble;12;Villa Urquiza;105.14;2024;tarde;142
21426;POLA;Ciclovías mano doble;9;Liniers;147.33;2024;tarde;70
17519;MORON;Ciclovías mano doble;10;Velez Sarsfield;59.69;2024;tarde;67
17143;DOBLAS;Ciclovías mano doble;7;Parque Chacabuco;120.38;2024;tarde;96
5910;GRIVEO;Ciclovías mano doble;12;Villa Pueyrredon;77.87;2024;tarde;55
10926;POTOSI;Ciclovías mano doble;5;Almagro;136.93;2024;tarde;189
17357;MORON;Ciclovías mano doble;10;Velez Sarsfield;116.77;2024;tarde;67
15097;DOBLAS;Ciclovías mano doble;6;Caballito;181.51;2024;tarde;96
572;SUPERI;Ciclovías mano doble;12;Saavedra;50.21;2024;tarde;315
18217;15 DE NOVIEMBRE DE 1889;Ciclovías mano doble;4;Parque Patricios;137.30;2024;tarde;60
19415;RONDEAU;Ciclovías mano doble;5;Boedo;59.65;2024;tarde;0
13618;LINIERS VIRREY;Ciclovías mano doble;5;Almagro;57.68;2024;tarde;0
18180;USPALLATA;Ciclovías mano doble;4;Barracas;78.08;2024;tarde;0
4484;GUATEMALA;Ciclovías mano doble;14;Palermo;129.34;2024;tarde;98
1312;SUPERI;Ciclovías mano doble;12;Saavedra;141.13;2024;tarde;315
1462;IBERA;Ciclovías mano doble;13;Nuñez;100.00;2024;tarde;98
9529;TUCUMAN;Ciclovías mano doble;1;San Nicolas;137.66;2024;tarde;225
13423;DIAZ, CESAR, GRAL.;Ciclovías mano doble;11;Villa Santa Rita;136.76;2024;tarde;96
3990;LUGONES;Ciclovías mano doble;12;Villa Urquiza;121.93;2024;tarde;142
11840;ALSINA, ADOLFO;Ciclovías mano única;1;Monserrat;135.52;2024;tarde;0
1368;MILLER;Ciclovías mano doble;12;Saavedra;91.71;2024;tarde;67
5479;ROSETI;Ciclovías mano doble;15;Chacarita;108.52;2024;tarde;80
12566;ALSINA, ADOLFO;Ciclovías mano doble;3;Balvanera;157.48;2024;tarde;0
30305;PEDRAZA, MANUELA;Ciclovías mano doble;12;Villa Urquiza;30.40;2024;tarde;44
16922;TACUARI;Ciclovías mano doble;4;Barracas;147.86;2024;tarde;222
9877;ECUADOR;Ciclovías mano doble;3;Balvanera;160.70;2024;tarde;120
8559;PADILLA;Ciclovías mano doble;15;Villa Crespo;130.27;2024;tarde;86
19597;PICHEUTA;Ciclovías mano doble;7;Parque Chacabuco;62.02;2024;tarde;53
11785;ALSINA, ADOLFO;Ciclovías mano única;1;Monserrat;132.00;2024;tarde;0
22678;PATRON;Ciclovías mano doble;9;Liniers;86.39;2024;tarde;43
8277;ALVEAR, MARCELO T. DE;Ciclovías mano doble;1;Retiro;36.87;2024;tarde;49
13644;CHILE;Ciclovías mano doble;3;Balvanera;138.82;2024;tarde;84
15346;CHIVILCOY;Ciclovías mano doble;10;Floresta;68.84;2024;tarde;118
18682;RONDEAU;Ciclovías mano doble;4;Parque Patricios;151.53;2024;tarde;0
16268;RINCON;Ciclovías mano doble;3;San Cristobal;134.81;2024;tarde;0
4995;ARENAL, CONCEPCION;Ciclovías mano doble;13;Colegiales;80.16;2024;tarde;55
13509;CHILE;Ciclovías mano doble;1;Monserrat;146.73;2024;tarde;84
15863;SASTRE, MARCOS;Ciclovías mano doble;10;Monte Castro;64.94;2024;tarde;60
1454;AMENABAR;Ciclovías mano doble;13;Nuñez;142.16;2024;tarde;227
21721;RODO, JOSE E.;Ciclovías mano doble;9;Parque Avellaneda;73.52;2024;tarde;28
17937;HORNOS, GRAL.;Ciclovías mano doble;4;Barracas;228.44;2024;tarde;56
12088;ALSINA, ADOLFO;Ciclovías mano doble;3;Balvanera;138.90;2024;tarde;0
15198;ESTADOS UNIDOS;Ciclovías mano doble;5;Boedo;71.87;2024;tarde;156
8365;ALVEAR, MARCELO T. DE;Ciclovías mano doble;2;Recoleta;122.39;2024;tarde;49
4424;BLANCO ENCALADA;Ciclovías mano doble;12;Villa Urquiza;119.90;2024;tarde;142
17439;ESTRADA;Ciclovías mano doble;7;Parque Chacabuco;121.80;2024;tarde;19
6865;GORRITI;Ciclovías mano doble;14;Palermo;111.19;2024;tarde;235
4897;ARENAL, CONCEPCION;Ciclovías mano doble;13;Colegiales;128.28;2024;tarde;55
10334;SUIPACHA;Ciclovías mano doble;1;San Nicolas;140.11;2024;tarde;132
2620;BLANCO ENCALADA;Ciclovías mano doble;13;Belgrano;169.93;2024;tarde;142
17982;MORON;Ciclovías mano doble;10;Villa Luro;131.76;2024;tarde;67
7641;SAN MARTIN;Ciclovías mano doble;1;Retiro;191.80;2024;tarde;57
5095;ROSETI;Ciclovías mano doble;15;Villa Ortuzar;131.66;2024;tarde;80
12370;SASTRE, MARCOS;Ciclovías mano doble;10;Monte Castro;138.47;2024;tarde;60
18937;BONIFACIO, JOSE;Ciclovías mano doble;10;Floresta;108.09;2024;tarde;97
1519;BLANCO ENCALADA;Ciclovías mano doble;13;Belgrano;5.89;2024;tarde;142
10923;POTOSI;Ciclovías mano doble;5;Almagro;157.19;2024;tarde;189
7002;GRIVEO;Ciclovías mano doble;11;Villa Devoto;52.61;2024;tarde;55
4766;GRIVEO;Ciclovías mano doble;12;Villa Pueyrredon;129.35;2024;tarde;55
13069;TACUARI;Ciclovías mano doble;1;Monserrat;119.16;2024;tarde;222
3439;MILLER;Ciclovías mano doble;12;Villa Urquiza;103.26;2024;tarde;67
12328;CEVALLOS, VIRREY;Ciclovías mano doble;1;Monserrat;131.06;2024;tarde;275
23850;RODO, JOSE E.;Ciclovías mano doble;9;Mataderos;105.33;2024;tarde;28
1898;IBERA;Ciclovías mano doble;12;Coghlan;103.86;2024;tarde;98
9935;SAN MARTIN;Ciclovías mano doble;1;San Nicolas;122.35;2024;tarde;57
18379;BONIFACIO, JOSE;Ciclovías mano doble;7;Flores;136.28;2024;tarde;97
19000;HORNOS, GRAL.;Ciclovías mano doble;4;Barracas;171.49;2024;tarde;56
3784;SUPERI;Ciclovías mano doble;13;Colegiales;40.47;2024;tarde;315
5586;GODOY CRUZ;Ciclovías mano doble;14;Palermo;120.27;2024;tarde;98
5956;NUEVA YORK;Ciclovías mano doble;15;Agronomia;91.70;2024;tarde;24
8463;ACUÑA DE FIGUEROA, FRANCISCO;Ciclovías mano doble;14;Palermo;146.58;2024;tarde;74
14309;RINCON;Ciclovías mano doble;3;San Cristobal;131.19;2024;tarde;0
7075;FRENCH;Ciclovías mano doble;2;Recoleta;126.53;2024;tarde;88
16209;TREINTA Y TRES ORIENTALES;Ciclovías mano doble;5;Boedo;94.10;2024;tarde;106
4119;LA PAMPA;Ciclovías mano doble;12;Villa Urquiza;103.86;2024;tarde;315
2122;PEDRAZA, MANUELA;Ciclovías mano doble;12;Villa Urquiza;99.78;2024;tarde;44
3895;SUPERI;Ciclovías mano doble;13;Colegiales;97.72;2024;tarde;315
13186;CHIVILCOY;Ciclovías mano doble;10;Monte Castro;144.84;2024;tarde;118
12187;ALSINA, ADOLFO;Ciclovías mano doble;3;Balvanera;140.58;2024;tarde;0
6939;GRIVEO;Ciclovías mano doble;11;Villa Devoto;76.20;2024;tarde;55
11327;CHIVILCOY;Ciclovías mano doble;11;Villa Devoto;104.38;2024;tarde;118
4422;LA PAMPA;Ciclovías mano doble;12;Villa Urquiza;69.33;2024;tarde;315
14090;DEAN FUNES;Ciclovías mano doble;3;Balvanera;99.37;2024;tarde;31
13227;DIAZ, CESAR, GRAL.;Ciclovías mano doble;11;Villa Santa Rita;137.72;2024;tarde;96
18962;DOBLAS;Ciclovías mano doble;7;Parque Chacabuco;90.50;2024;tarde;96
15912;SASTRE, MARCOS;Ciclovías mano doble;10;Versalles;99.21;2024;tarde;60
26951;UNANUE;Ciclovías mano única;8;Villa Lugano;103.33;2024;tarde;11
17647;ESTRADA;Ciclovías mano doble;7;Parque Chacabuco;59.55;2024;tarde;19
17012;BOLIVAR;Ciclovías mano doble;4;Barracas;25.12;2024;tarde;27
15719;DOBLAS;Ciclovías mano doble;6;Caballito;79.96;2024;tarde;96
12467;LINIERS VIRREY;Ciclovías mano doble;5;Almagro;139.97;2024;tarde;0
12046;VALLESE, FELIPE;Ciclovías mano doble;6;Caballito;29.95;2024;tarde;100
1188;MILLER;Ciclovías mano doble;12;Saavedra;100.84;2024;tarde;67
16072;RIGLOS;Ciclovías mano doble;6;Caballito;158.70;2024;tarde;106
24674;POLA;Ciclovías mano doble;9;Mataderos;145.34;2024;tarde;70
24150;PATRON;Ciclovías mano doble;9;Liniers;103.31;2024;tarde;43
8209;ALVEAR, MARCELO T. DE;Ciclovías mano doble;1;Retiro;135.16;2024;tarde;49
10178;SARMIENTO;Ciclovías mano doble;1;San Nicolas;60.48;2024;tarde;101
12880;CHIVILCOY;Ciclovías mano doble;10;Monte Castro;152.15;2024;tarde;118
9045;OROÑO, NICASIO;Ciclovías mano doble;15;Paternal;118.60;2024;tarde;16
8881;VIAMONTE;Ciclovías mano doble;1;San Nicolas;35.59;2024;tarde;57
1578;AMENABAR;Ciclovías mano doble;13;Nuñez;140.27;2024;tarde;227
4333;MARTINEZ, ENRIQUE, GRAL.;Ciclovías mano doble;13;Colegiales;181.75;2024;tarde;11
10541;BILLINGHURST;Ciclovías mano doble;5;Almagro;94.23;2024;tarde;0
21556;BALBASTRO;Ciclovías mano doble;7;Flores;116.40;2024;tarde;15
20434;BALBASTRO;Ciclovías mano doble;7;Parque Chacabuco;120.79;2024;tarde;15
24114;RODO, JOSE E.;Ciclovías mano doble;9;Mataderos;99.99;2024;tarde;28
8391;ALVEAR, MARCELO T. DE;Ciclovías mano doble;2;Recoleta;133.48;2024;tarde;49
7829;ARENALES;Ciclovías mano doble;2;Recoleta;58.08;2024;tarde;130
24471;POLA;Ciclovías mano doble;9;Mataderos;135.70;2024;tarde;70
27992;BALBASTRO;Ciclovías mano doble;7;Flores;13.67;2024;tarde;15
15220;RINCON;Ciclovías mano doble;3;San Cristobal;138.54;2024;tarde;0
5928;CERETTI;Ciclovías mano doble;15;Parque Chas;95.45;2024;tarde;61
22550;HORNOS, GRAL.;Ciclovías mano doble;4;Barracas;158.08;2024;tarde;56
18421;DOBLAS;Ciclovías mano doble;7;Parque Chacabuco;151.44;2024;tarde;96
3079;CERETTI;Ciclovías mano doble;12;Villa Urquiza;94.51;2024;tarde;61
3397;MOLDES;Ciclovías mano doble;13;Colegiales;100.02;2024;tarde;64
12038;GARCIA, JUAN AGUSTIN;Ciclovías mano doble;11;Villa Santa Rita;68.95;2024;tarde;59
6129;AZCUENAGA;Ciclovías mano doble;2;Recoleta;173.39;2024;tarde;109
19041;RONDEAU;Ciclovías mano doble;4;Parque Patricios;182.44;2024;tarde;0
14029;BOLIVAR;Ciclovías mano doble;1;San Telmo;149.43;2024;tarde;27
1175;IBERA;Ciclovías mano doble;13;Nuñez;17.31;2024;tarde;98
16983;BRASIL;Ciclovías mano doble;1;Constitucion;70.74;2024;tarde;93
12131;GARCIA, JUAN AGUSTIN;Ciclovías mano doble;11;Villa Santa Rita;68.37;2024;tarde;59
19411;BONIFACIO, JOSE;Ciclovías mano doble;10;Floresta;70.21;2024;tarde;97
13973;CHIVILCOY;Ciclovías mano doble;10;Monte Castro;67.81;2024;tarde;118
2110;IBERA;Ciclovías mano doble;12;Coghlan;50.12;2024;tarde;98
20762;PRIMERA JUNTA;Ciclovías mano doble;7;Flores;62.23;2024;tarde;39
10296;SARMIENTO;Ciclovías mano doble;1;San Nicolas;130.45;2024;tarde;101
6148;GORRITI;Ciclovías mano doble;14;Palermo;78.58;2024;tarde;235
3367;BLANCO ENCALADA;Ciclovías mano doble;12;Villa Urquiza;103.94;2024;tarde;142
10208;SARMIENTO;Ciclovías mano doble;1;San Nicolas;104.29;2024;tarde;101
12967;SASTRE, MARCOS;Ciclovías mano doble;10;Monte Castro;44.51;2024;tarde;60
11036;GARCIA, JUAN AGUSTIN;Ciclovías mano doble;11;Villa Gral. Mitre;135.44;2024;tarde;59
12627;DON BOSCO;Ciclovías mano doble;5;Almagro;125.43;2024;tarde;70
6132;GODOY CRUZ;Ciclovías mano doble;14;Palermo;122.86;2024;tarde;98
3799;LA PAMPA;Ciclovías mano doble;12;Villa Urquiza;104.70;2024;tarde;315
18781;LAS CASAS;Ciclovías mano doble;5;Boedo;55.87;2024;tarde;0
7934;SUIPACHA;Ciclovías mano doble;1;Retiro;58.07;2024;tarde;132
7561;GRIVEO;Ciclovías mano doble;11;Villa Devoto;93.39;2024;tarde;55
3758;SUPERI;Ciclovías mano doble;13;Colegiales;75.12;2024;tarde;315
9869;PADILLA;Ciclovías mano doble;15;Villa Crespo;126.29;2024;tarde;86
7754;JUNCAL;Ciclovías mano doble;2;Recoleta;195.61;2024;tarde;134
11312;LAMAS, ANDRES;Ciclovías mano doble;11;Villa Gral. Mitre;18.32;2024;tarde;93
9461;TUCUMAN;Ciclovías mano doble;1;San Nicolas;130.05;2024;tarde;225
31247;BOLIVAR;Ciclovías mano doble;1;San Telmo;9.49;2024;tarde;27
9460;HUMAHUACA;Ciclovías mano doble;5;Almagro;142.49;2024;tarde;245
4536;LA PAMPA;Ciclovías mano doble;12;Villa Urquiza;88.36;2024;tarde;315
17707;RIGLOS;Ciclovías mano doble;7;Parque Chacabuco;119.87;2024;tarde;106
5372;ROSETI;Ciclovías mano doble;15;Chacarita;121.98;2024;tarde;80
542;PEDRAZA, MANUELA;Ciclovías mano doble;13;Nuñez;101.25;2024;tarde;44
8021;PADILLA;Ciclovías mano doble;15;Villa Crespo;102.35;2024;tarde;86
626;CUBA;Ciclovías mano doble;13;Nuñez;104.86;2024;tarde;37
16022;MORON;Ciclovías mano doble;10;Floresta;100.62;2024;tarde;67
5208;LA PAMPA;Ciclovías mano doble;12;Villa Urquiza;70.19;2024;tarde;315
6532;NUEVA YORK;Ciclovías mano doble;15;Agronomia;129.79;2024;tarde;24
15022;MENDEZ DE ANDES;Ciclovías mano doble;7;Flores;102.07;2024;tarde;85
12978;BOLIVAR;Ciclovías mano doble;1;Monserrat;125.93;2024;tarde;27
30418;SARMIENTO;Ciclovías mano doble;1;San Nicolas;23.66;2024;tarde;101
4831;MARTINEZ, ENRIQUE, GRAL.;Ciclovías mano doble;13;Colegiales;114.43;2024;tarde;11
9200;ECUADOR;Ciclovías mano doble;3;Balvanera;120.84;2024;tarde;120
21122;HORNOS, GRAL.;Ciclovías mano doble;4;Barracas;47.61;2024;tarde;56
10861;BILLINGHURST;Ciclovías mano doble;5;Almagro;145.46;2024;tarde;0
5055;ROSETI;Ciclovías mano doble;15;Villa Ortuzar;103.43;2024;tarde;80
15745;SASTRE, MARCOS;Ciclovías mano doble;10;Monte Castro;63.61;2024;tarde;60
11853;FRAGATA PRES. SARMIENTO;Ciclovías mano doble;6;Caballito;15.48;2024;tarde;105
18651;BONIFACIO, JOSE;Ciclovías mano doble;7;Flores;149.07;2024;tarde;97
26823;UNANUE;Ciclovías mano única;8;Villa Lugano;87.52;2024;tarde;11
10932;POTOSI;Ciclovías mano doble;5;Almagro;133.04;2024;tarde;189
17011;USPALLATA;Ciclovías mano doble;4;Barracas;122.60;2024;tarde;0
30018;PEDRAZA, MANUELA;Ciclovías mano doble;13;Nuñez;40.85;2024;tarde;44
18145;HUGO, VICTOR;Ciclovías mano doble;10;Villa Luro;143.69;2024;tarde;31
15875;MORON;Ciclovías mano doble;7;Flores;108.70;2024;tarde;67
13378;CHILE;Ciclovías mano única;1;Monserrat;133.24;2024;tarde;84
2978;CERETTI;Ciclovías mano doble;12;Villa Urquiza;122.28;2024;tarde;61
16279;BOLIVAR;Ciclovías mano doble;1;San Telmo;135.49;2024;tarde;27
14416;SASTRE, MARCOS;Ciclovías mano doble;10;Monte Castro;91.39;2024;tarde;60
11682;DIAZ, CESAR, GRAL.;Ciclovías mano doble;11;Villa Gral. Mitre;59.45;2024;tarde;96
18826;BONIFACIO, JOSE;Ciclovías mano doble;7;Flores;106.71;2024;tarde;97
14935;BOLIVAR;Ciclovías mano doble;1;San Telmo;129.63;2024;tarde;27
2742;SUPERI;Ciclovías mano doble;13;Belgrano;124.92;2024;tarde;315
17253;GONZALEZ, ELPIDIO;Ciclovías mano doble;10;Villa Luro;132.97;2024;tarde;100
16555;GONZALEZ, ELPIDIO;Ciclovías mano doble;10;Villa Luro;127.17;2024;tarde;100
7993;GORRITI;Ciclovías mano doble;14;Palermo;163.99;2024;tarde;235
14214;MENDEZ DE ANDES;Ciclovías mano doble;7;Flores;123.13;2024;tarde;85
1702;IBERA;Ciclovías mano doble;12;Coghlan;100.45;2024;tarde;98
8139;ALVEAR, MARCELO T. DE;Ciclovías mano doble;1;Retiro;110.24;2024;tarde;49
15444;VALLE;Ciclovías mano doble;6;Caballito;130.11;2024;tarde;106
9155;TUCUMAN;Ciclovías mano doble;3;Balvanera;133.69;2024;tarde;225
30419;SARMIENTO;Ciclovías mano doble;1;San Nicolas;18.30;2024;tarde;101
11935;DIAZ, CESAR, GRAL.;Ciclovías mano doble;11;Villa Gral. Mitre;123.52;2024;tarde;96
12138;TACUARI;Ciclovías mano doble;1;Monserrat;122.49;2024;tarde;222
10904;POTOSI;Ciclovías mano doble;5;Almagro;134.25;2024;tarde;189
1279;MILLER;Ciclovías mano doble;12;Saavedra;100.60;2024;tarde;67
15124;YERBAL;Ciclovías mano doble;6;Caballito;98.58;2024;tarde;37
17801;ESTRADA;Ciclovías mano doble;7;Parque Chacabuco;86.97;2024;tarde;19
3977;BLANCO ENCALADA;Ciclovías mano doble;12;Villa Urquiza;138.20;2024;tarde;142
12961;VALLESE, FELIPE;Ciclovías mano doble;6;Caballito;121.71;2024;tarde;100
7538;NUEVA YORK;Ciclovías mano doble;15;Agronomia;152.09;2024;tarde;24
22440;RODO, JOSE E.;Ciclovías mano doble;9;Parque Avellaneda;100.12;2024;tarde;28
18735;LINIERS VIRREY;Ciclovías mano doble;5;Boedo;107.81;2024;tarde;0
20896;POLA;Ciclovías mano doble;9;Liniers;147.01;2024;tarde;70
14088;MEXICO;Ciclovías mano doble;3;Balvanera;128.10;2024;tarde;93
15508;DOBLAS;Ciclovías mano doble;6;Caballito;83.04;2024;tarde;96
31442;VALLESE, FELIPE;Ciclovías mano doble;6;Caballito;13.40;2024;tarde;100
13554;CHILE;Ciclovías mano doble;1;Monserrat;121.81;2024;tarde;84
12175;SASTRE, MARCOS;Ciclovías mano doble;10;Monte Castro;104.00;2024;tarde;60
13638;PADRE M. L. MIGONE;Ciclovías mano doble;1;Puerto Madero;106.88;2024;tarde;0
2959;BLANCO ENCALADA;Ciclovías mano doble;12;Villa Urquiza;103.26;2024;tarde;142
13471;CHIVILCOY;Ciclovías mano doble;10;Monte Castro;158.22;2024;tarde;118
14394;GUAYAQUIL;Ciclovías mano doble;6;Caballito;147.11;2024;tarde;23
3323;LA PAMPA;Ciclovías mano doble;13;Belgrano;87.74;2024;tarde;315
12923;CEVALLOS, VIRREY;Ciclovías mano doble;1;Monserrat;117.36;2024;tarde;275
4206;BLANCO ENCALADA;Ciclovías mano doble;12;Villa Urquiza;170.93;2024;tarde;142
19532;LINIERS VIRREY;Ciclovías mano doble;5;Boedo;124.18;2024;tarde;0
19117;RONDEAU;Ciclovías mano doble;4;Parque Patricios;139.78;2024;tarde;0
6438;GORRITI;Ciclovías mano doble;14;Palermo;104.77;2024;tarde;235
10910;SUIPACHA;Ciclovías mano doble;1;San Nicolas;127.35;2024;tarde;132
11730;ALSINA, ADOLFO;Ciclovías mano única;1;Monserrat;120.33;2024;tarde;0
21724;POLA;Ciclovías mano doble;9;Liniers;147.80;2024;tarde;70
13540;CHILE;Ciclovías mano doble;1;Monserrat;119.42;2024;tarde;84
23993;PATRON;Ciclovías mano doble;9;Liniers;57.34;2024;tarde;43
14260;MEXICO;Ciclovías mano doble;3;Balvanera;156.31;2024;tarde;93
19781;PICHEUTA;Ciclovías mano doble;7;Parque Chacabuco;74.43;2024;tarde;53
13400;SASTRE, MARCOS;Ciclovías mano doble;10;Monte Castro;139.93;2024;tarde;60
15842;CHIVILCOY;Ciclovías mano doble;10;Floresta;133.43;2024;tarde;118
4927;GRIVEO;Ciclovías mano doble;12;Villa Pueyrredon;130.10;2024;tarde;55
1193;SUPERI;Ciclovías mano doble;12;Saavedra;100.14;2024;tarde;315
17901;ESTRADA;Ciclovías mano doble;7;Parque Chacabuco;27.67;2024;tarde;19
10623;ACUÑA DE FIGUEROA, FRANCISCO;Ciclovías mano doble;5;Almagro;145.76;2024;tarde;74
17445;MORON;Ciclovías mano doble;10;Velez Sarsfield;115.68;2024;tarde;67
9537;TUCUMAN;Ciclovías mano doble;3;Balvanera;104.09;2024;tarde;225
15475;CEVALLOS, VIRREY;Ciclovías mano doble;1;Constitucion;146.24;2024;tarde;275
12144;ALSINA, ADOLFO;Ciclovías mano doble;3;Balvanera;128.45;2024;tarde;0
12474;GARCIA, JUAN AGUSTIN;Ciclovías mano doble;11;Villa Santa Rita;68.22;2024;tarde;59
9514;HUMAHUACA;Ciclovías mano doble;5;Almagro;142.25;2024;tarde;245
17656;GONZALEZ, ELPIDIO;Ciclovías mano doble;10;Versalles;83.72;2024;tarde;100
2876;SUPERI;Ciclovías mano doble;13;Belgrano;130.49;2024;tarde;315
13435;CHILE;Ciclovías mano doble;1;Monserrat;39.15;2024;tarde;84
4098;CERETTI;Ciclovías mano doble;12;Villa Urquiza;99.98;2024;tarde;61
20073;PRIMERA JUNTA;Ciclovías mano doble;7;Flores;84.67;2024;tarde;39
11737;GARCIA, JUAN AGUSTIN;Ciclovías mano doble;11;Villa Santa Rita;135.77;2024;tarde;59
7759;URIBURU JOSE E., PRES.;Ciclovías mano doble;2;Recoleta;182.69;2024;tarde;148
14299;DIAZ, CESAR, GRAL.;Ciclovías mano doble;11;Villa Santa Rita;98.25;2024;tarde;96
12416;FRAGATA PRES. SARMIENTO;Ciclovías mano doble;6;Caballito;109.41;2024;tarde;105
11754;ALSINA, ADOLFO;Ciclovías mano única;1;Monserrat;119.67;2024;tarde;0
5040;HUMBOLDT;Ciclovías mano doble;14;Palermo;81.53;2024;tarde;185
16917;PAVON;Ciclovías mano doble;3;San Cristobal;90.89;2024;tarde;36
19502;RONDEAU;Ciclovías mano doble;5;Boedo;111.67;2024;tarde;0
15886;GRANADEROS;Ciclovías mano doble;7;Flores;138.49;2024;tarde;85
10721;GARCIA, JUAN AGUSTIN;Ciclovías mano doble;11;Villa Gral. Mitre;124.33;2024;tarde;59
14620;LINIERS VIRREY;Ciclovías mano doble;5;Almagro;121.14;2024;tarde;0
2209;SUPERI;Ciclovías mano doble;12;Coghlan;128.61;2024;tarde;315
10928;POTOSI;Ciclovías mano doble;5;Almagro;142.40;2024;tarde;189
14406;CALVO, CARLOS;Ciclovías mano doble;1;Constitucion;136.69;2024;tarde;122
11808;GARCIA, JUAN AGUSTIN;Ciclovías mano doble;11;Villa Santa Rita;54.89;2024;tarde;59
9193;ALVAREZ, JULIAN;Ciclovías mano doble;15;Villa Crespo;116.12;2024;tarde;173
5961;GORRITI;Ciclovías mano doble;14;Palermo;70.87;2024;tarde;235
21087;PATRON;Ciclovías mano doble;9;Liniers;103.69;2024;tarde;43
5086;ROSETI;Ciclovías mano doble;15;Villa Ortuzar;129.75;2024;tarde;80
7750;ARENALES;Ciclovías mano doble;1;Retiro;41.97;2024;tarde;130
662;MONROE;Ciclovías mano doble;13;Belgrano;128.59;2024;tarde;67
2077;PEDRAZA, MANUELA;Ciclovías mano doble;12;Villa Urquiza;14.31;2024;tarde;44
9647;TUCUMAN;Ciclovías mano doble;3;Balvanera;135.63;2024;tarde;225
15575;MORON;Ciclovías mano doble;7;Flores;131.42;2024;tarde;67
13323;RINCON;Ciclovías mano doble;3;Balvanera;82.15;2024;tarde;0
7479;MONTEVIDEO;Ciclovías mano doble;2;Recoleta;55.99;2024;tarde;226
2903;PEDRAZA, MANUELA;Ciclovías mano doble;12;Villa Urquiza;59.78;2024;tarde;44
1156;MONROE;Ciclovías mano doble;13;Belgrano;106.70;2024;tarde;67
826;PEDRAZA, MANUELA;Ciclovías mano doble;13;Nuñez;101.01;2024;tarde;44
8384;ALVEAR, MARCELO T. DE;Ciclovías mano doble;2;Recoleta;144.50;2024;tarde;49
13410;TACUARI;Ciclovías mano doble;1;Monserrat;131.70;2024;tarde;222
18815;DEAN FUNES;Ciclovías mano doble;4;Parque Patricios;131.29;2024;tarde;31
18280;BONIFACIO, JOSE;Ciclovías mano doble;7;Flores;131.57;2024;tarde;97
15109;CHIVILCOY;Ciclovías mano doble;10;Floresta;66.90;2024;tarde;118
32541;GRIVEO;Ciclovías mano doble;11;Villa Devoto;17.67;2024;tarde;55
15394;ESTADOS UNIDOS;Ciclovías mano doble;5;Boedo;110.27;2024;tarde;156
9582;HUMAHUACA;Ciclovías mano doble;5;Almagro;133.27;2024;tarde;245
20163;PRIMERA JUNTA;Ciclovías mano doble;7;Flores;57.95;2024;tarde;39
23917;POLA;Ciclovías mano doble;9;Mataderos;126.06;2024;tarde;70
5394;GODOY CRUZ;Ciclovías mano doble;14;Palermo;41.28;2024;tarde;98
7931;ECUADOR;Ciclovías mano doble;2;Recoleta;138.36;2024;tarde;120
16735;RIGLOS;Ciclovías mano doble;6;Caballito;141.70;2024;tarde;106
23565;PATRON;Ciclovías mano doble;9;Liniers;103.33;2024;tarde;43
4200;MARTINEZ, ENRIQUE, GRAL.;Ciclovías mano doble;13;Colegiales;113.42;2024;tarde;11
26929;UNANUE;Ciclovías mano única;8;Villa Lugano;106.01;2024;tarde;11
3413;LA PAMPA;Ciclovías mano doble;13;Belgrano;119.01;2024;tarde;315
282;CUBA;Ciclovías mano doble;13;Nuñez;91.82;2024;tarde;37
15300;DOBLAS;Ciclovías mano doble;6;Caballito;79.05;2024;tarde;96
15002;CHIVILCOY;Ciclovías mano doble;10;Floresta;69.84;2024;tarde;118
5327;AUSTRIA;Ciclovías mano doble;2;Recoleta;193.92;2024;tarde;0
13943;AZOPARDO;Ciclovías mano doble;1;San Telmo;141.23;2024;tarde;0
18814;RONDEAU;Ciclovías mano doble;4;Parque Patricios;152.77;2024;tarde;0
8143;ALVEAR, MARCELO T. DE;Ciclovías mano doble;1;Retiro;100.55;2024;tarde;49
14707;CALVO, CARLOS;Ciclovías mano doble;3;San Cristobal;91.47;2024;tarde;122
1823;11 DE SEPTIEMBRE DE 1888;Ciclovías mano doble;13;Belgrano;133.25;2024;tarde;29
2171;PEDRAZA, MANUELA;Ciclovías mano doble;12;Villa Urquiza;97.78;2024;tarde;44
19288;DOBLAS;Ciclovías mano doble;7;Parque Chacabuco;128.61;2024;tarde;96
2141;IBERA;Ciclovías mano doble;12;Coghlan;52.05;2024;tarde;98
2650;BLANCO ENCALADA;Ciclovías mano doble;13;Belgrano;27.77;2024;tarde;142
17697;15 DE NOVIEMBRE DE 1889;Ciclovías mano doble;4;Parque Patricios;9.15;2024;tarde;60
8414;SAN MARTIN;Ciclovías mano doble;1;Retiro;131.55;2024;tarde;57
14612;CALVO, CARLOS;Ciclovías mano doble;3;San Cristobal;120.21;2024;tarde;122
31665;PINO, VIRREY DEL;Ciclovías mano doble;13;Belgrano;62.59;2024;tarde;28
1465;SUPERI;Ciclovías mano doble;12;Saavedra;148.02;2024;tarde;315
14495;FRAY CAYETANO RODRIGUEZ;Ciclovías mano doble;7;Flores;117.82;2024;tarde;45
12333;DON BOSCO;Ciclovías mano doble;5;Almagro;101.45;2024;tarde;70
803;MILLER;Ciclovías mano doble;12;Saavedra;107.22;2024;tarde;67
19353;BONIFACIO, JOSE;Ciclovías mano doble;10;Floresta;96.57;2024;tarde;97
10209;SARMIENTO;Ciclovías mano doble;1;San Nicolas;126.82;2024;tarde;101
13532;FRAGATA PRES. SARMIENTO;Ciclovías mano doble;6;Caballito;128.72;2024;tarde;105
26607;UNANUE;Ciclovías mano única;8;Villa Lugano;149.69;2024;tarde;11
9505;TUCUMAN;Ciclovías mano doble;3;Balvanera;93.72;2024;tarde;225
5324;GODOY CRUZ;Ciclovías mano doble;14;Palermo;39.28;2024;tarde;98
7303;GRIVEO;Ciclovías mano doble;11;Villa Devoto;148.79;2024;tarde;55
10548;LAMAS, ANDRES;Ciclovías mano doble;11;Villa Gral. Mitre;133.21;2024;tarde;93
6598;MONTEVIDEO;Ciclovías mano doble;2;Recoleta;159.82;2024;tarde;226
8890;MONTEVIDEO;Ciclovías mano doble;2;Recoleta;106.87;2024;tarde;226
10536;TRES ARROYOS;Ciclovías mano doble;15;Villa Crespo;51.58;2024;tarde;242
2267;ECHEVERRIA;Ciclovías mano doble;13;Belgrano;67.81;2024;tarde;193
9839;HUMAHUACA;Ciclovías mano doble;5;Almagro;109.82;2024;tarde;245
12754;SASTRE, MARCOS;Ciclovías mano doble;10;Monte Castro;180.51;2024;tarde;60
22541;PATRON;Ciclovías mano doble;9;Liniers;95.97;2024;tarde;43
13831;MEXICO;Ciclovías mano doble;3;Balvanera;108.48;2024;tarde;93
14181;MEXICO;Ciclovías mano doble;3;Balvanera;156.76;2024;tarde;93
30120;CERETTI;Ciclovías mano doble;12;Villa Urquiza;68.78;2024;tarde;61
5222;ROSETI;Ciclovías mano doble;15;Chacarita;130.49;2024;tarde;80
10467;TRES ARROYOS;Ciclovías mano doble;15;Villa Crespo;112.71;2024;tarde;242
7633;JUNCAL;Ciclovías mano doble;2;Recoleta;128.18;2024;tarde;134
17816;BILBAO, FRANCISCO;Ciclovías mano doble;7;Parque Chacabuco;102.95;2024;tarde;11
11818;PASCO;Ciclovías mano doble;3;Balvanera;122.66;2024;tarde;192
29983;BOUCHARD;Ciclovías mano doble;1;San Nicolas;112.16;2024;tarde;19
15961;VALLE;Ciclovías mano doble;6;Caballito;72.97;2024;tarde;106
1736;AMENABAR;Ciclovías mano doble;13;Belgrano;101.59;2024;tarde;227
15669;RINCON;Ciclovías mano doble;3;San Cristobal;55.12;2024;tarde;0
3068;MILLER;Ciclovías mano doble;12;Villa Urquiza;129.91;2024;tarde;67
14310;MENDEZ DE ANDES;Ciclovías mano doble;7;Flores;86.23;2024;tarde;85
5162;CERETTI;Ciclovías mano doble;12;Villa Urquiza;142.26;2024;tarde;61
11564;GARCIA, JUAN AGUSTIN;Ciclovías mano doble;11;Villa Santa Rita;142.39;2024;tarde;59
2626;AMENABAR;Ciclovías mano doble;13;Belgrano;127.85;2024;tarde;227
11958;ALSINA, ADOLFO;Ciclovías mano única;1;Monserrat;121.88;2024;tarde;0
10492;MONTEVIDEO;Ciclovías mano doble;1;San Nicolas;136.53;2024;tarde;226
708;SUPERI;Ciclovías mano doble;12;Saavedra;100.18;2024;tarde;315
30491;CERETTI;Ciclovías mano doble;12;Villa Urquiza;7.07;2024;tarde;61
13645;RINCON;Ciclovías mano doble;3;Balvanera;133.31;2024;tarde;0
2861;PEDRAZA, MANUELA;Ciclovías mano doble;12;Villa Urquiza;60.03;2024;tarde;44
4640;GRIVEO;Ciclovías mano doble;12;Villa Pueyrredon;34.84;2024;tarde;55
13935;ESTADOS UNIDOS;Ciclovías mano doble;1;San Telmo;72.00;2024;tarde;156
16177;MORON;Ciclovías mano doble;10;Floresta;102.66;2024;tarde;67
8210;SUIPACHA;Ciclovías mano doble;1;Retiro;142.67;2024;tarde;132
18851;LAS CASAS;Ciclovías mano doble;5;Boedo;132.64;2024;tarde;0
6915;FRENCH;Ciclovías mano doble;2;Recoleta;59.55;2024;tarde;88
16945;BOLIVAR;Ciclovías mano doble;4;Barracas;95.47;2024;tarde;27
17737;USPALLATA;Ciclovías mano doble;4;Barracas;121.22;2024;tarde;0
27027;UNANUE;Ciclovías mano única;8;Villa Lugano;103.59;2024;tarde;11
579;MONROE;Ciclovías mano doble;13;Belgrano;106.86;2024;tarde;67
8276;PADILLA;Ciclovías mano doble;15;Villa Crespo;72.26;2024;tarde;86
3756;CERETTI;Ciclovías mano doble;12;Villa Urquiza;118.69;2024;tarde;61
8353;PADILLA;Ciclovías mano doble;15;Villa Crespo;56.16;2024;tarde;86
9340;URIBURU JOSE E., PRES.;Ciclovías mano doble;3;Balvanera;145.97;2024;tarde;148
20161;RODO, JOSE E.;Ciclovías mano doble;9;Parque Avellaneda;147.91;2024;tarde;28
13773;SASTRE, MARCOS;Ciclovías mano doble;10;Monte Castro;134.38;2024;tarde;60
8875;SANCHEZ DE THOMPSON, MARIQUITA;Ciclovías mano doble;1;Puerto Madero;112.91;2024;tarde;28
21881;RODO, JOSE E.;Ciclovías mano doble;9;Parque Avellaneda;69.24;2024;tarde;28
541;CUBA;Ciclovías mano doble;13;Nuñez;42.76;2024;tarde;37
28919;ALVEAR, MARCELO T. DE;Ciclovías mano doble;1;Retiro;39.79;2024;tarde;49
12302;VILLAFLOR, AZUCENA;Ciclovías mano doble;1;Puerto Madero;76.97;2024;tarde;0
31243;TACUARI;Ciclovías mano doble;1;Constitucion;8.91;2024;tarde;222
8152;PADILLA;Ciclovías mano doble;15;Villa Crespo;97.73;2024;tarde;86
7782;ARENALES;Ciclovías mano doble;1;Retiro;151.38;2024;tarde;130
7721;ACUÑA DE FIGUEROA, FRANCISCO;Ciclovías mano doble;14;Palermo;155.77;2024;tarde;74
13175;SASTRE, MARCOS;Ciclovías mano doble;10;Monte Castro;56.80;2024;tarde;60
15865;SASTRE, MARCOS;Ciclovías mano doble;10;Versalles;73.59;2024;tarde;60
11917;ALSINA, ADOLFO;Ciclovías mano única;1;Monserrat;133.53;2024;tarde;0
1160;MONROE;Ciclovías mano doble;13;Belgrano;6.42;2024;tarde;67
1531;BLANCO ENCALADA;Ciclovías mano doble;13;Belgrano;38.71;2024;tarde;142
1663;AMENABAR;Ciclovías mano doble;13;Belgrano;103.39;2024;tarde;227
3840;SUPERI;Ciclovías mano doble;13;Colegiales;118.53;2024;tarde;315
9874;MONTEVIDEO;Ciclovías mano doble;1;San Nicolas;134.58;2024;tarde;226
2518;SUPERI;Ciclovías mano doble;13;Belgrano;101.98;2024;tarde;315
15160;ESTADOS UNIDOS;Ciclovías mano doble;5;Boedo;115.18;2024;tarde;156
2843;CERETTI;Ciclovías mano doble;12;Villa Urquiza;169.27;2024;tarde;61
7208;FRENCH;Ciclovías mano doble;2;Recoleta;126.56;2024;tarde;88
3947;SUPERI;Ciclovías mano doble;13;Colegiales;94.07;2024;tarde;315
16889;CEVALLOS, VIRREY;Ciclovías mano doble;1;Constitucion;186.56;2024;tarde;275
16136;PAVON;Ciclovías mano doble;1;Constitucion;133.65;2024;tarde;36
7457;ACUÑA DE FIGUEROA, FRANCISCO;Ciclovías mano doble;14;Palermo;134.92;2024;tarde;74
1080;MONROE;Ciclovías mano doble;13;Belgrano;125.93;2024;tarde;67
11697;BOLIVAR;Ciclovías mano doble;1;Monserrat;128.28;2024;tarde;27
19962;BALBASTRO;Ciclovías mano doble;7;Parque Chacabuco;5.40;2024;tarde;15
11841;IRIGOYEN, BERNARDO DE;Ciclovías mano doble;1;Monserrat;124.97;2024;tarde;125
7691;ECUADOR;Ciclovías mano doble;2;Recoleta;139.75;2024;tarde;120
5337;GRIVEO;Ciclovías mano doble;12;Villa Pueyrredon;130.04;2024;tarde;55
8007;GORRITI;Ciclovías mano doble;2;Recoleta;111.70;2024;tarde;235
8531;ALVAREZ, JULIAN;Ciclovías mano doble;15;Villa Crespo;125.12;2024;tarde;173
11193;URIBURU JOSE E., PRES.;Ciclovías mano doble;3;Balvanera;125.79;2024;tarde;148
17483;TACUARI;Ciclovías mano doble;4;Barracas;101.25;2024;tarde;222
29997;MILLER;Ciclovías mano doble;12;Villa Urquiza;11.14;2024;tarde;67
23730;PATRON;Ciclovías mano doble;9;Liniers;103.19;2024;tarde;43
3711;SUPERI;Ciclovías mano doble;13;Colegiales;105.70;2024;tarde;315
12274;ALSINA, ADOLFO;Ciclovías mano doble;3;Balvanera;155.54;2024;tarde;0
14693;DIAZ, CESAR, GRAL.;Ciclovías mano doble;10;Floresta;130.74;2024;tarde;96
7508;JUNCAL;Ciclovías mano doble;2;Recoleta;124.20;2024;tarde;134
9637;TUCUMAN;Ciclovías mano doble;3;Balvanera;136.19;2024;tarde;225
14327;LINIERS VIRREY;Ciclovías mano doble;5;Almagro;158.80;2024;tarde;0
15032;ESTADOS UNIDOS;Ciclovías mano doble;5;Boedo;117.81;2024;tarde;156
10639;SUIPACHA;Ciclovías mano doble;1;San Nicolas;122.32;2024;tarde;132
14712;SANTIAGO DEL ESTERO;Ciclovías mano doble;1;Constitucion;138.13;2024;tarde;52
5471;LA PAMPA;Ciclovías mano doble;12;Villa Urquiza;120.23;2024;tarde;315
1467;MILLER;Ciclovías mano doble;12;Saavedra;30.28;2024;tarde;67
10239;SAN MARTIN;Ciclovías mano doble;1;San Nicolas;136.82;2024;tarde;57
2624;MILLER;Ciclovías mano doble;12;Villa Urquiza;132.95;2024;tarde;67
7501;ALVAREZ, JULIAN;Ciclovías mano doble;14;Palermo;115.94;2024;tarde;173
17988;15 DE NOVIEMBRE DE 1889;Ciclovías mano doble;4;Parque Patricios;93.42;2024;tarde;60
9713;HUMAHUACA;Ciclovías mano doble;5;Almagro;129.05;2024;tarde;245
16146;PAVON;Ciclovías mano doble;1;Constitucion;101.01;2024;tarde;36
3984;CERETTI;Ciclovías mano doble;12;Villa Urquiza;99.85;2024;tarde;61
16382;TREINTA Y TRES ORIENTALES;Ciclovías mano doble;5;Boedo;76.48;2024;tarde;106
3645;SUPERI;Ciclovías mano doble;13;Belgrano;224.45;2024;tarde;315
995;MONROE;Ciclovías mano doble;13;Belgrano;124.92;2024;tarde;67
13717;CHILE;Ciclovías mano doble;3;Balvanera;132.67;2024;tarde;84
15624;SASTRE, MARCOS;Ciclovías mano doble;10;Monte Castro;53.95;2024;tarde;60
13450;CHILE;Ciclovías mano doble;1;Monserrat;137.47;2024;tarde;84
16059;GRANADEROS;Ciclovías mano doble;7;Flores;140.06;2024;tarde;85
9391;HUMAHUACA;Ciclovías mano doble;5;Almagro;134.78;2024;tarde;245
12276;VALLESE, FELIPE;Ciclovías mano doble;6;Caballito;102.02;2024;tarde;100
19335;TREINTA Y TRES ORIENTALES;Ciclovías mano doble;5;Boedo;106.89;2024;tarde;106
11515;CHIVILCOY;Ciclovías mano doble;11;Villa Devoto;101.72;2024;tarde;118
17399;RIGLOS;Ciclovías mano doble;7;Parque Chacabuco;121.06;2024;tarde;106
16260;LINIERS VIRREY;Ciclovías mano doble;5;Boedo;169.64;2024;tarde;0
16320;TACUARI;Ciclovías mano doble;1;Constitucion;146.81;2024;tarde;222
15614;VALLE;Ciclovías mano doble;6;Caballito;123.10;2024;tarde;106
18936;LINIERS VIRREY;Ciclovías mano doble;5;Boedo;91.46;2024;tarde;0
3725;LUGONES;Ciclovías mano doble;12;Villa Urquiza;121.33;2024;tarde;142
8330;ALVEAR, MARCELO T. DE;Ciclovías mano doble;1;Retiro;129.99;2024;tarde;49
1651;IBERA;Ciclovías mano doble;13;Nuñez;108.93;2024;tarde;98
16247;MORON;Ciclovías mano doble;10;Floresta;102.24;2024;tarde;67
1928;SUPERI;Ciclovías mano doble;12;Coghlan;121.01;2024;tarde;315
2426;SUPERI;Ciclovías mano doble;12;Coghlan;139.40;2024;tarde;315
18002;DOBLAS;Ciclovías mano doble;7;Parque Chacabuco;140.07;2024;tarde;96
8222;ALVAREZ, JULIAN;Ciclovías mano doble;15;Villa Crespo;195.26;2024;tarde;173
2878;BLANCO ENCALADA;Ciclovías mano doble;12;Villa Urquiza;103.12;2024;tarde;142
11368;TRES ARROYOS;Ciclovías mano doble;6;Caballito;70.37;2024;tarde;242
19080;USPALLATA;Ciclovías mano doble;4;Barracas;70.89;2024;tarde;0
11491;BILLINGHURST;Ciclovías mano doble;5;Almagro;103.35;2024;tarde;0
5204;GRIVEO;Ciclovías mano doble;12;Villa Pueyrredon;129.53;2024;tarde;55
3163;MILLER;Ciclovías mano doble;12;Villa Urquiza;94.71;2024;tarde;67
2310;SUPERI;Ciclovías mano doble;12;Coghlan;112.89;2024;tarde;315
19039;USPALLATA;Ciclovías mano doble;4;Barracas;90.47;2024;tarde;0
9677;TRES ARROYOS;Ciclovías mano doble;15;Villa Crespo;113.49;2024;tarde;242
15889;VALLE;Ciclovías mano doble;6;Caballito;71.63;2024;tarde;106
19923;TREINTA Y TRES ORIENTALES;Ciclovías mano doble;5;Boedo;117.90;2024;tarde;106
12182;FRAGATA PRES. SARMIENTO;Ciclovías mano doble;6;Caballito;149.96;2024;tarde;105
1632;SUPERI;Ciclovías mano doble;12;Coghlan;87.19;2024;tarde;315
6059;NUEVA YORK;Ciclovías mano doble;15;Agronomia;83.82;2024;tarde;24
4653;GODOY CRUZ;Ciclovías mano doble;14;Palermo;146.43;2024;tarde;98
15110;ESTADOS UNIDOS;Ciclovías mano doble;5;Boedo;145.41;2024;tarde;156
3215;CERETTI;Ciclovías mano doble;12;Villa Urquiza;128.56;2024;tarde;61
12162;LINIERS VIRREY;Ciclovías mano doble;5;Almagro;123.95;2024;tarde;0
14093;SASTRE, MARCOS;Ciclovías mano doble;10;Monte Castro;89.23;2024;tarde;60
10032;SUIPACHA;Ciclovías mano doble;1;San Nicolas;124.73;2024;tarde;132
1322;CUBA;Ciclovías mano doble;13;Nuñez;142.90;2024;tarde;37
8923;BILLINGHURST;Ciclovías mano doble;5;Almagro;16.88;2024;tarde;0
14874;CHIVILCOY;Ciclovías mano doble;10;Floresta;135.72;2024;tarde;118
13753;TACUARI;Ciclovías mano doble;1;Monserrat;132.07;2024;tarde;222
17908;CEVALLOS, VIRREY;Ciclovías mano doble;1;Constitucion;127.78;2024;tarde;275
14087;ROSARIO;Ciclovías mano doble;6;Caballito;22.02;2024;tarde;96
26992;UNANUE;Ciclovías mano única;8;Villa Lugano;103.31;2024;tarde;11
7207;AZCUENAGA;Ciclovías mano doble;2;Recoleta;120.71;2024;tarde;109
14474;DIAZ, CESAR, GRAL.;Ciclovías mano doble;11;Villa Santa Rita;96.70;2024;tarde;96
13862;TREINTA Y TRES ORIENTALES;Ciclovías mano doble;5;Almagro;111.88;2024;tarde;106
13505;CHILE;Ciclovías mano doble;1;Monserrat;136.84;2024;tarde;84
12063;ALSINA, ADOLFO;Ciclovías mano doble;1;Monserrat;131.78;2024;tarde;0
9598;TUCUMAN;Ciclovías mano doble;3;Balvanera;138.75;2024;tarde;225
13748;CHILE;Ciclovías mano doble;3;Balvanera;98.53;2024;tarde;84
8969;PADILLA;Ciclovías mano doble;15;Villa Crespo;129.97;2024;tarde;86
20553;PEDERNERA;Ciclovías mano doble;7;Flores;176.09;2024;tarde;39
12026;CHIVILCOY;Ciclovías mano doble;10;Monte Castro;131.35;2024;tarde;118
22240;POLA;Ciclovías mano doble;9;Mataderos;67.09;2024;tarde;70
5559;GORRITI;Ciclovías mano doble;14;Palermo;128.91;2024;tarde;235
9499;TUCUMAN;Ciclovías mano doble;1;San Nicolas;122.92;2024;tarde;225
3444;MOLDES;Ciclovías mano doble;13;Colegiales;79.35;2024;tarde;64
14987;FRAY CAYETANO RODRIGUEZ;Ciclovías mano doble;7;Flores;120.12;2024;tarde;45
6731;ALVAREZ, JULIAN;Ciclovías mano doble;14;Palermo;55.12;2024;tarde;173
21884;POLA;Ciclovías mano doble;9;Liniers;73.50;2024;tarde;70
13392;CHILE;Ciclovías mano única;1;Monserrat;133.16;2024;tarde;84
30096;ALSINA, ADOLFO;Ciclovías mano única;1;Monserrat;40.97;2024;tarde;0
15507;VALLE;Ciclovías mano doble;6;Caballito;141.72;2024;tarde;106
2521;PEDRAZA, MANUELA;Ciclovías mano doble;12;Villa Urquiza;143.50;2024;tarde;44
15939;BOLIVAR;Ciclovías mano doble;1;San Telmo;128.23;2024;tarde;27
9723;SUIPACHA;Ciclovías mano doble;1;San Nicolas;130.32;2024;tarde;132
12361;ALSINA, ADOLFO;Ciclovías mano doble;3;Balvanera;162.92;2024;tarde;0
15937;RINCON;Ciclovías mano doble;3;San Cristobal;106.99;2024;tarde;0
8269;ALVEAR, MARCELO T. DE;Ciclovías mano doble;1;Retiro;38.34;2024;tarde;49
11531;IRIGOYEN, BERNARDO DE;Ciclovías mano doble;1;Monserrat;66.89;2024;tarde;125
9517;BILLINGHURST;Ciclovías mano doble;5;Almagro;111.43;2024;tarde;0
5080;GRIVEO;Ciclovías mano doble;12;Villa Pueyrredon;129.69;2024;tarde;55
16366;RIGLOS;Ciclovías mano doble;6;Caballito;57.48;2024;tarde;106
11078;MONTEVIDEO;Ciclovías mano doble;1;San Nicolas;131.61;2024;tarde;226
2668;11 DE SEPTIEMBRE DE 1888;Ciclovías mano doble;14;Palermo;126.26;2024;tarde;29
14366;CALVO, CARLOS;Ciclovías mano doble;1;Constitucion;37.09;2024;tarde;122
14842;TREINTA Y TRES ORIENTALES;Ciclovías mano doble;5;Almagro;132.90;2024;tarde;106
616;SUPERI;Ciclovías mano doble;12;Saavedra;50.39;2024;tarde;315
23966;RODO, JOSE E.;Ciclovías mano doble;9;Mataderos;62.27;2024;tarde;28
15699;MORON;Ciclovías mano doble;7;Flores;158.79;2024;tarde;67
16786;GONZALEZ, ELPIDIO;Ciclovías mano doble;10;Villa Luro;120.94;2024;tarde;100
12161;DON BOSCO;Ciclovías mano doble;5;Almagro;126.40;2024;tarde;70
722;FREIRE, RAMON, CAP. GRAL.;Ciclovías mano doble;12;Saavedra;156.19;2024;tarde;98
